name,dept,area,count,adjustedcount,year
Adrian Perrig,ETH Zurich,asplos,1,0.2,2008
Adrian Perrig,ETH Zurich,ccs,1,0.33333,2000
Adrian Perrig,ETH Zurich,ccs,1,1,2001
Adrian Perrig,ETH Zurich,ccs,1,0.33333,2006
Adrian Perrig,ETH Zurich,ccs,1,0.25,2007
Adrian Perrig,ETH Zurich,ccs,1,0.5,2008
Adrian Perrig,ETH Zurich,ccs,1,0.33333,2011
Adrian Perrig,ETH Zurich,ccs,1,0.14286,2012
Adrian Perrig,ETH Zurich,ccs,1,0.16667,2013
Adrian Perrig,ETH Zurich,ccs,3,0.66667,2014
Adrian Perrig,ETH Zurich,ccs,1,0.2,2015
Adrian Perrig,ETH Zurich,eurosys,1,0.2,2008
Adrian Perrig,ETH Zurich,mobicom,1,0.2,2001
Adrian Perrig,ETH Zurich,mobicom,1,0.33333,2002
Adrian Perrig,ETH Zurich,mobicom,1,0.11111,2008
Adrian Perrig,ETH Zurich,mobicom,1,0.14286,2011
Adrian Perrig,ETH Zurich,mobicom,1,0.2,2013
Adrian Perrig,ETH Zurich,mobisys,1,0.1,2009
Adrian Perrig,ETH Zurich,ndss,1,0.5,2000
Adrian Perrig,ETH Zurich,ndss,1,0.25,2001
Adrian Perrig,ETH Zurich,ndss,1,0.33333,2003
Adrian Perrig,ETH Zurich,ndss,1,0.2,2004
Adrian Perrig,ETH Zurich,ndss,1,0.33333,2009
Adrian Perrig,ETH Zurich,ndss,1,0.16667,2012
Adrian Perrig,ETH Zurich,ndss,1,0.125,2016
Adrian Perrig,ETH Zurich,ndss,1,0.25,2020
Adrian Perrig,ETH Zurich,ndss,1,0.25,2021
Adrian Perrig,ETH Zurich,oakland,2,0.58333,2000
Adrian Perrig,ETH Zurich,oakland,1,0.33333,2001
Adrian Perrig,ETH Zurich,oakland,4,1.25,2005
Adrian Perrig,ETH Zurich,oakland,2,0.4,2007
Adrian Perrig,ETH Zurich,oakland,1,0.2,2009
Adrian Perrig,ETH Zurich,oakland,3,0.97619,2010
Adrian Perrig,ETH Zurich,oakland,1,0.16667,2011
Adrian Perrig,ETH Zurich,oakland,2,0.47619,2012
Adrian Perrig,ETH Zurich,oakland,1,0.25,2016
Adrian Perrig,ETH Zurich,pets,1,0.5,2017
Adrian Perrig,ETH Zurich,pets,1,0.33333,2021
Adrian Perrig,ETH Zurich,sensys,1,0.33333,2003
Adrian Perrig,ETH Zurich,sensys,1,0.25,2007
Adrian Perrig,ETH Zurich,sigcomm,1,0.33333,2004
Adrian Perrig,ETH Zurich,sigcomm,1,0.25,2006
Adrian Perrig,ETH Zurich,sigcomm,1,0.16667,2007
Adrian Perrig,ETH Zurich,sigcomm,1,0.16667,2014
Adrian Perrig,ETH Zurich,sigmetrics,1,0.25,2019
Adrian Perrig,ETH Zurich,sosp,1,0.16667,2005
Adrian Perrig,ETH Zurich,sosp,1,0.25,2007
Adrian Perrig,ETH Zurich,usenixatc,1,0.16667,2003
Adrian Perrig,ETH Zurich,usenixatc,1,0.33333,2006
Adrian Perrig,ETH Zurich,usenixatc,1,0.33333,2008
Adrian Perrig,ETH Zurich,usenixatc,1,0.1,2012
Adrian Perrig,ETH Zurich,usenixatc,1,0.16667,2014
Adrian Perrig,ETH Zurich,usenixatc,1,0.25,2020
Adrian Perrig,ETH Zurich,usenixatc,1,0.25,2021
Adrian Perrig,ETH Zurich,usenixsec,1,0.5,2000
Adrian Perrig,ETH Zurich,usenixsec,1,0.2,2020
Adrian Perrig,ETH Zurich,usenixsec,1,0.25,2021
Adrian Perrig,ETH Zurich,www,1,0.2,2013
Andreas Krause 0001,ETH Zurich,aaai,1,0.25,2007
Andreas Krause 0001,ETH Zurich,aaai,1,0.5,2008
Andreas Krause 0001,ETH Zurich,aaai,1,0.2,2011
Andreas Krause 0001,ETH Zurich,aaai,3,0.53333,2015
Andreas Krause 0001,ETH Zurich,aaai,2,0.58333,2016
Andreas Krause 0001,ETH Zurich,aaai,2,0.58333,2017
Andreas Krause 0001,ETH Zurich,aaai,5,1.3667,2018
Andreas Krause 0001,ETH Zurich,aaai,2,0.5,2020
Andreas Krause 0001,ETH Zurich,aaai,1,0.2,2021
Andreas Krause 0001,ETH Zurich,iccv,1,0.33333,2015
Andreas Krause 0001,ETH Zurich,iccv,1,0.16667,2021
Andreas Krause 0001,ETH Zurich,icml,1,0.33333,2005
Andreas Krause 0001,ETH Zurich,icml,1,0.33333,2006
Andreas Krause 0001,ETH Zurich,icml,1,0.5,2007
Andreas Krause 0001,ETH Zurich,icml,3,1.25,2010
Andreas Krause 0001,ETH Zurich,icml,2,0.66667,2012
Andreas Krause 0001,ETH Zurich,icml,2,0.75,2013
Andreas Krause 0001,ETH Zurich,icml,2,0.36667,2014
Andreas Krause 0001,ETH Zurich,icml,3,1.0833,2015
Andreas Krause 0001,ETH Zurich,icml,3,0.83333,2016
Andreas Krause 0001,ETH Zurich,icml,6,1.6667,2017
Andreas Krause 0001,ETH Zurich,icml,5,1.2,2019
Andreas Krause 0001,ETH Zurich,icml,1,0.25,2020
Andreas Krause 0001,ETH Zurich,icml,7,2.4167,2021
Andreas Krause 0001,ETH Zurich,icra,1,0.33333,2010
Andreas Krause 0001,ETH Zurich,icra,1,0.25,2013
Andreas Krause 0001,ETH Zurich,icra,1,0.14286,2014
Andreas Krause 0001,ETH Zurich,icra,1,0.25,2015
Andreas Krause 0001,ETH Zurich,icra,1,0.33333,2016
Andreas Krause 0001,ETH Zurich,icra,1,0.14286,2017
Andreas Krause 0001,ETH Zurich,icra,1,0.25,2019
Andreas Krause 0001,ETH Zurich,icra,2,0.40476,2020
Andreas Krause 0001,ETH Zurich,icra,1,0.2,2021
Andreas Krause 0001,ETH Zurich,ijcai,1,0.5,2005
Andreas Krause 0001,ETH Zurich,ijcai,1,0.2,2007
Andreas Krause 0001,ETH Zurich,ijcai,1,0.33333,2009
Andreas Krause 0001,ETH Zurich,ijcai,1,0.33333,2011
Andreas Krause 0001,ETH Zurich,ijcai,1,0.25,2013
Andreas Krause 0001,ETH Zurich,ijcai,3,0.78333,2015
Andreas Krause 0001,ETH Zurich,ijcai,1,0.33333,2016
Andreas Krause 0001,ETH Zurich,ijcai,2,0.83333,2018
Andreas Krause 0001,ETH Zurich,ijcai,1,0.2,2019
Andreas Krause 0001,ETH Zurich,ijcai,1,0.25,2020
Andreas Krause 0001,ETH Zurich,ijcai,1,0.33333,2021
Andreas Krause 0001,ETH Zurich,iros,1,0.5,2010
Andreas Krause 0001,ETH Zurich,kdd,1,0.16667,2007
Andreas Krause 0001,ETH Zurich,kdd,1,0.33333,2010
Andreas Krause 0001,ETH Zurich,kdd,1,0.25,2014
Andreas Krause 0001,ETH Zurich,kdd,1,0.2,2015
Andreas Krause 0001,ETH Zurich,kdd,1,0.33333,2018
Andreas Krause 0001,ETH Zurich,kdd,1,0.33333,2019
Andreas Krause 0001,ETH Zurich,nips,1,0.25,2007
Andreas Krause 0001,ETH Zurich,nips,1,0.33333,2009
Andreas Krause 0001,ETH Zurich,nips,3,1.1667,2010
Andreas Krause 0001,ETH Zurich,nips,3,1.0833,2011
Andreas Krause 0001,ETH Zurich,nips,2,0.58333,2013
Andreas Krause 0001,ETH Zurich,nips,3,1.1667,2014
Andreas Krause 0001,ETH Zurich,nips,2,0.58333,2015
Andreas Krause 0001,ETH Zurich,nips,5,1.4167,2016
Andreas Krause 0001,ETH Zurich,nips,5,1.5833,2017
Andreas Krause 0001,ETH Zurich,nips,3,1.0833,2018
Andreas Krause 0001,ETH Zurich,nips,7,1.8012,2019
Andreas Krause 0001,ETH Zurich,nips,7,1.8167,2020
Andreas Krause 0001,ETH Zurich,popl,1,0.33333,2015
Andreas Krause 0001,ETH Zurich,popl,1,0.25,2016
Andreas Krause 0001,ETH Zurich,sensys,1,0.2,2005
Andreas Krause 0001,ETH Zurich,uist,1,0.2,2007
Andreas Krause 0001,ETH Zurich,www,1,0.5,2013
Angelika Steger,ETH Zurich,icml,1,0.2,2019
Angelika Steger,ETH Zurich,nips,1,0.33333,2017
Angelika Steger,ETH Zurich,nips,1,0.33333,2018
Angelika Steger,ETH Zurich,soda,1,0.25,2005
Angelika Steger,ETH Zurich,soda,1,0.33333,2007
Angelika Steger,ETH Zurich,soda,1,0.33333,2008
Angelika Steger,ETH Zurich,soda,1,0.5,2009
Angelika Steger,ETH Zurich,soda,1,0.25,2010
Angelika Steger,ETH Zurich,soda,1,0.5,2011
Angelika Steger,ETH Zurich,soda,1,0.2,2012
Angelika Steger,ETH Zurich,soda,1,0.33333,2015
Angelika Steger,ETH Zurich,stoc,1,0.25,2000
Angelika Steger,ETH Zurich,stoc,1,0.33333,2002
Angelika Steger,ETH Zurich,stoc,1,0.5,2006
Ankit Singla,ETH Zurich,icml,1,0.125,2019
Ankit Singla,ETH Zurich,imc,2,0.4,2020
Ankit Singla,ETH Zurich,nsdi,2,0.375,2012
Ankit Singla,ETH Zurich,nsdi,1,0.16667,2013
Ankit Singla,ETH Zurich,nsdi,1,0.33333,2014
Ankit Singla,ETH Zurich,nsdi,1,0.16667,2019
Ankit Singla,ETH Zurich,sc,1,0.25,2016
Ankit Singla,ETH Zurich,sc,1,0.125,2020
Ankit Singla,ETH Zurich,sigcomm,1,0.2,2017
Ankit Singla,ETH Zurich,sigcomm,1,0.083333,2020
Ankit Singla,ETH Zurich,sigmod,1,0.11111,2021
Ankit Singla,ETH Zurich,usenixatc,1,0.33333,2020
Ankit Singla,ETH Zurich,usenixatc,1,0.25,2021
Bernd Gärtner,ETH Zurich,focs,1,1,1992
Bernd Gärtner,ETH Zurich,focs,1,0.5,1994
Bernd Gärtner,ETH Zurich,nips,1,0.33333,2014
Bernd Gärtner,ETH Zurich,soda,1,1,1998
Bernd Gärtner,ETH Zurich,soda,1,0.5,2006
Bernd Gärtner,ETH Zurich,stoc,1,0.2,2001
Ce Zhang 0001,ETH Zurich,aaai,2,0.26667,2020
Ce Zhang 0001,ETH Zurich,aaai,2,0.36667,2021
Ce Zhang 0001,ETH Zurich,acl,1,0.25,2012
Ce Zhang 0001,ETH Zurich,acl,1,0.33333,2013
Ce Zhang 0001,ETH Zurich,ccs,2,0.29167,2021
Ce Zhang 0001,ETH Zurich,cvpr,1,0.11111,2021
Ce Zhang 0001,ETH Zurich,icde,1,0.16667,2019
Ce Zhang 0001,ETH Zurich,icde,1,0.16667,2020
Ce Zhang 0001,ETH Zurich,icml,1,0.16667,2017
Ce Zhang 0001,ETH Zurich,icml,2,0.45,2018
Ce Zhang 0001,ETH Zurich,icml,1,0.125,2019
Ce Zhang 0001,ETH Zurich,icml,1,0.14286,2020
Ce Zhang 0001,ETH Zurich,icml,3,0.42222,2021
Ce Zhang 0001,ETH Zurich,kdd,1,0.1,2020
Ce Zhang 0001,ETH Zurich,kdd,4,0.33535,2021
Ce Zhang 0001,ETH Zurich,naacl,1,0.5,2019
Ce Zhang 0001,ETH Zurich,naacl,2,0.45,2021
Ce Zhang 0001,ETH Zurich,nips,1,0.16667,2013
Ce Zhang 0001,ETH Zurich,nips,1,0.14286,2014
Ce Zhang 0001,ETH Zurich,nips,2,0.5,2015
Ce Zhang 0001,ETH Zurich,nips,1,0.16667,2017
Ce Zhang 0001,ETH Zurich,nips,1,0.2,2018
Ce Zhang 0001,ETH Zurich,nips,3,0.50758,2020
Ce Zhang 0001,ETH Zurich,nsdi,1,0.16667,2019
Ce Zhang 0001,ETH Zurich,sigir,1,0.33333,2010
Ce Zhang 0001,ETH Zurich,sigmod,1,0.25,2010
Ce Zhang 0001,ETH Zurich,sigmod,1,0.5,2013
Ce Zhang 0001,ETH Zurich,sigmod,1,0.33333,2014
Ce Zhang 0001,ETH Zurich,sigmod,1,0.25,2017
Ce Zhang 0001,ETH Zurich,sigmod,1,0.25,2018
Ce Zhang 0001,ETH Zurich,sigmod,1,0.11111,2021
Ce Zhang 0001,ETH Zurich,vldb,1,0.5,2014
Ce Zhang 0001,ETH Zurich,vldb,1,0.16667,2015
Ce Zhang 0001,ETH Zurich,vldb,2,0.5,2017
Ce Zhang 0001,ETH Zurich,vldb,3,0.65,2018
Ce Zhang 0001,ETH Zurich,vldb,2,0.27778,2019
Ce Zhang 0001,ETH Zurich,vldb,1,0.14286,2020
Ce Zhang 0001,ETH Zurich,vldb,3,0.32702,2021
Christian Holz 0001,ETH Zurich,chiconf,1,0.5,2010
Christian Holz 0001,ETH Zurich,chiconf,2,1,2011
Christian Holz 0001,ETH Zurich,chiconf,1,0.25,2012
Christian Holz 0001,ETH Zurich,chiconf,1,0.11111,2013
Christian Holz 0001,ETH Zurich,chiconf,2,0.6,2016
Christian Holz 0001,ETH Zurich,chiconf,2,0.325,2017
Christian Holz 0001,ETH Zurich,chiconf,7,1.1857,2018
Christian Holz 0001,ETH Zurich,chiconf,5,0.85043,2019
Christian Holz 0001,ETH Zurich,chiconf,3,0.50952,2020
Christian Holz 0001,ETH Zurich,chiconf,1,0.5,2021
Christian Holz 0001,ETH Zurich,ubicomp,2,1,2017
Christian Holz 0001,ETH Zurich,ubicomp,1,0.5,2018
Christian Holz 0001,ETH Zurich,ubicomp,2,0.36667,2021
Christian Holz 0001,ETH Zurich,uist,1,0.5,2009
Christian Holz 0001,ETH Zurich,uist,1,0.11111,2010
Christian Holz 0001,ETH Zurich,uist,1,0.33333,2011
Christian Holz 0001,ETH Zurich,uist,2,0.61111,2013
Christian Holz 0001,ETH Zurich,uist,2,0.83333,2015
Christian Holz 0001,ETH Zurich,uist,1,0.25,2016
Christian Holz 0001,ETH Zurich,uist,3,0.7,2019
Christian Holz 0001,ETH Zurich,uist,4,0.53452,2020
Christian Holz 0001,ETH Zurich,uist,3,0.57143,2021
Christian Holz 0001,ETH Zurich,vr,1,0.25,2019
Christian Holz 0001,ETH Zurich,vr,2,0.5,2021
David A. Basin,ETH Zurich,aaai,1,0.33333,1998
David A. Basin,ETH Zurich,aaai,1,0.33333,2000
David A. Basin,ETH Zurich,cav,1,0.5,1995
David A. Basin,ETH Zurich,cav,2,0.83333,2000
David A. Basin,ETH Zurich,cav,1,0.33333,2010
David A. Basin,ETH Zurich,cav,1,0.25,2013
David A. Basin,ETH Zurich,cav,2,0.66667,2017
David A. Basin,ETH Zurich,ccs,1,0.33333,2003
David A. Basin,ETH Zurich,ccs,1,0.5,2007
David A. Basin,ETH Zurich,ccs,1,0.33333,2008
David A. Basin,ETH Zurich,ccs,1,0.25,2009
David A. Basin,ETH Zurich,ccs,1,0.5,2010
David A. Basin,ETH Zurich,ccs,1,0.25,2013
David A. Basin,ETH Zurich,ccs,2,0.41667,2014
David A. Basin,ETH Zurich,ccs,1,0.33333,2015
David A. Basin,ETH Zurich,ccs,1,0.16667,2018
David A. Basin,ETH Zurich,ccs,2,0.5,2019
David A. Basin,ETH Zurich,ccs,1,0.25,2021
David A. Basin,ETH Zurich,icml,1,0.25,2009
David A. Basin,ETH Zurich,ijcai,1,0.5,1993
David A. Basin,ETH Zurich,issta,1,0.33333,2013
David A. Basin,ETH Zurich,issta,1,0.2,2017
David A. Basin,ETH Zurich,lics,1,0.5,1996
David A. Basin,ETH Zurich,lics,1,0.33333,2014
David A. Basin,ETH Zurich,oakland,1,0.33333,2013
David A. Basin,ETH Zurich,oakland,1,0.25,2014
David A. Basin,ETH Zurich,oakland,1,0.33333,2021
David A. Basin,ETH Zurich,oopsla,1,0.14286,2020
David A. Basin,ETH Zurich,pets,1,0.33333,2019
David A. Basin,ETH Zurich,pets,1,0.16667,2022
David A. Basin,ETH Zurich,usenixsec,1,0.33333,2012
David A. Basin,ETH Zurich,usenixsec,1,0.16667,2020
David A. Basin,ETH Zurich,usenixsec,1,0.33333,2021
David A. Basin,ETH Zurich,vldb,1,0.5,2014
David Steurer,ETH Zurich,focs,1,0.16667,2008
David Steurer,ETH Zurich,focs,2,1,2009
David Steurer,ETH Zurich,focs,1,0.33333,2010
David Steurer,ETH Zurich,focs,1,0.33333,2011
David Steurer,ETH Zurich,focs,2,0.41667,2012
David Steurer,ETH Zurich,focs,1,0.25,2013
David Steurer,ETH Zurich,focs,1,0.33333,2016
David Steurer,ETH Zurich,focs,2,0.66667,2017
David Steurer,ETH Zurich,focs,1,0.25,2020
David Steurer,ETH Zurich,focs,1,0.25,2021
David Steurer,ETH Zurich,icml,1,0.33333,2021
David Steurer,ETH Zurich,nips,1,0.33333,2020
David Steurer,ETH Zurich,soda,1,0.5,2005
David Steurer,ETH Zurich,soda,1,0.5,2009
David Steurer,ETH Zurich,soda,1,1,2010
David Steurer,ETH Zurich,soda,1,0.25,2011
David Steurer,ETH Zurich,soda,1,0.5,2021
David Steurer,ETH Zurich,stoc,1,0.16667,2008
David Steurer,ETH Zurich,stoc,1,0.33333,2009
David Steurer,ETH Zurich,stoc,2,0.83333,2010
David Steurer,ETH Zurich,stoc,1,0.16667,2012
David Steurer,ETH Zurich,stoc,2,0.83333,2014
David Steurer,ETH Zurich,stoc,2,0.66667,2015
David Steurer,ETH Zurich,stoc,1,0.25,2016
David Steurer,ETH Zurich,stoc,1,0.33333,2017
David Steurer,ETH Zurich,stoc,1,0.33333,2018
David Steurer,ETH Zurich,stoc,1,0.2,2021
Dennis Hofheinz,ETH Zurich,ccs,1,0.33333,2009
Dennis Hofheinz,ETH Zurich,crypto,1,0.5,2007
Dennis Hofheinz,ETH Zurich,crypto,1,0.5,2008
Dennis Hofheinz,ETH Zurich,crypto,1,0.5,2009
Dennis Hofheinz,ETH Zurich,crypto,1,0.5,2012
Dennis Hofheinz,ETH Zurich,crypto,1,0.25,2013
Dennis Hofheinz,ETH Zurich,crypto,1,0.2,2014
Dennis Hofheinz,ETH Zurich,crypto,2,0.53333,2017
Dennis Hofheinz,ETH Zurich,crypto,1,0.33333,2018
Dennis Hofheinz,ETH Zurich,eurocrypt,1,0.33333,2006
Dennis Hofheinz,ETH Zurich,eurocrypt,1,0.5,2008
Dennis Hofheinz,ETH Zurich,eurocrypt,2,0.83333,2009
Dennis Hofheinz,ETH Zurich,eurocrypt,3,0.75,2010
Dennis Hofheinz,ETH Zurich,eurocrypt,1,1,2012
Dennis Hofheinz,ETH Zurich,eurocrypt,2,1.1667,2013
Dennis Hofheinz,ETH Zurich,eurocrypt,1,0.25,2016
Dennis Hofheinz,ETH Zurich,eurocrypt,1,1,2017
Dennis Hofheinz,ETH Zurich,eurocrypt,1,0.25,2018
Dennis Hofheinz,ETH Zurich,eurocrypt,1,0.5,2019
Dennis Hofheinz,ETH Zurich,eurocrypt,1,0.33333,2020
Dennis Hofheinz,ETH Zurich,oakland,1,0.5,2006
Emo Welzl,ETH Zurich,focs,1,0.2,1988
Emo Welzl,ETH Zurich,focs,1,0.125,1990
Emo Welzl,ETH Zurich,focs,2,0.5,1991
Emo Welzl,ETH Zurich,focs,1,0.5,2001
Emo Welzl,ETH Zurich,sensys,1,0.33333,2007
Emo Welzl,ETH Zurich,soda,1,0.2,1995
Emo Welzl,ETH Zurich,soda,1,0.11111,2005
Emo Welzl,ETH Zurich,soda,1,0.5,2006
Emo Welzl,ETH Zurich,soda,1,0.5,2020
Emo Welzl,ETH Zurich,stoc,1,0.16667,1993
Emo Welzl,ETH Zurich,stoc,1,0.2,2001
Fisher Yu,ETH Zurich,cvpr,1,0.5,2014
Fisher Yu,ETH Zurich,cvpr,2,0.47619,2015
Fisher Yu,ETH Zurich,cvpr,4,0.95,2017
Fisher Yu,ETH Zurich,cvpr,3,0.625,2018
Fisher Yu,ETH Zurich,cvpr,2,0.53333,2019
Fisher Yu,ETH Zurich,cvpr,2,0.325,2020
Fisher Yu,ETH Zurich,cvpr,1,0.14286,2021
Fisher Yu,ETH Zurich,eccv,2,0.36667,2018
Fisher Yu,ETH Zurich,iccv,3,0.45833,2019
Fisher Yu,ETH Zurich,iccv,5,0.95952,2021
Fisher Yu,ETH Zurich,icml,1,0.2,2020
Fisher Yu,ETH Zurich,icra,2,0.4,2019
Fisher Yu,ETH Zurich,icra,1,0.25,2021
Fisher Yu,ETH Zurich,siggraph,1,0.25,2012
Fisher Yu,ETH Zurich,siggraph,1,0.2,2016
Friedemann Mattern,ETH Zurich,ubicomp,1,0.16667,2001
Gunnar Rätsch,ETH Zurich,aaai,1,0.33333,2016
Gunnar Rätsch,ETH Zurich,aaai,1,0.5,2017
Gunnar Rätsch,ETH Zurich,icml,1,0.33333,2005
Gunnar Rätsch,ETH Zurich,icml,1,0.33333,2006
Gunnar Rätsch,ETH Zurich,icml,1,0.14286,2018
Gunnar Rätsch,ETH Zurich,icml,1,0.14286,2019
Gunnar Rätsch,ETH Zurich,icml,1,0.16667,2020
Gunnar Rätsch,ETH Zurich,icml,2,0.4,2021
Gunnar Rätsch,ETH Zurich,ijcai,1,0.2,2021
Gunnar Rätsch,ETH Zurich,ismb,1,0.33333,2005
Gunnar Rätsch,ETH Zurich,ismb,1,0.33333,2006
Gunnar Rätsch,ETH Zurich,ismb,1,0.25,2008
Gunnar Rätsch,ETH Zurich,ismb,1,0.25,2016
Gunnar Rätsch,ETH Zurich,ismb,1,0.25,2020
Gunnar Rätsch,ETH Zurich,ismb,1,0.2,2021
Gunnar Rätsch,ETH Zurich,nips,2,0.5,1998
Gunnar Rätsch,ETH Zurich,nips,2,0.33333,1999
Gunnar Rätsch,ETH Zurich,nips,1,0.33333,2000
Gunnar Rätsch,ETH Zurich,nips,3,0.73333,2001
Gunnar Rätsch,ETH Zurich,nips,1,0.33333,2002
Gunnar Rätsch,ETH Zurich,nips,1,0.5,2003
Gunnar Rätsch,ETH Zurich,nips,1,0.33333,2004
Gunnar Rätsch,ETH Zurich,nips,1,0.33333,2005
Gunnar Rätsch,ETH Zurich,nips,1,0.5,2006
Gunnar Rätsch,ETH Zurich,nips,1,0.33333,2007
Gunnar Rätsch,ETH Zurich,nips,1,0.25,2008
Gunnar Rätsch,ETH Zurich,nips,1,0.16667,2011
Gunnar Rätsch,ETH Zurich,nips,1,0.25,2017
Gunnar Rätsch,ETH Zurich,nips,1,0.2,2018
Gunnar Rätsch,ETH Zurich,recomb,1,0.33333,2005
Gunnar Rätsch,ETH Zurich,recomb,1,0.25,2010
Gunnar Rätsch,ETH Zurich,recomb,1,0.16667,2019
Gunnar Rätsch,ETH Zurich,recomb,1,0.16667,2020
Gustavo Alonso,ETH Zurich,asplos,1,0.076923,2022
Gustavo Alonso,ETH Zurich,eurosys,2,0.83333,2007
Gustavo Alonso,ETH Zurich,eurosys,1,0.33333,2008
Gustavo Alonso,ETH Zurich,eurosys,1,0.25,2011
Gustavo Alonso,ETH Zurich,eurosys,2,0.41667,2013
Gustavo Alonso,ETH Zurich,eurosys,1,0.33333,2018
Gustavo Alonso,ETH Zurich,eurosys,1,0.2,2020
Gustavo Alonso,ETH Zurich,icde,1,0.16667,1996
Gustavo Alonso,ETH Zurich,icde,1,0.2,2001
Gustavo Alonso,ETH Zurich,icde,1,0.33333,2008
Gustavo Alonso,ETH Zurich,icde,1,0.5,2009
Gustavo Alonso,ETH Zurich,icde,1,0.33333,2010
Gustavo Alonso,ETH Zurich,icde,1,0.25,2013
Gustavo Alonso,ETH Zurich,icde,1,0.25,2018
Gustavo Alonso,ETH Zurich,kdd,1,0.33333,2012
Gustavo Alonso,ETH Zurich,kdd,1,0.090909,2021
Gustavo Alonso,ETH Zurich,nsdi,1,0.25,2016
Gustavo Alonso,ETH Zurich,osdi,1,0.25,2014
Gustavo Alonso,ETH Zurich,osdi,1,0.33333,2020
Gustavo Alonso,ETH Zurich,pldi,1,0.25,2021
Gustavo Alonso,ETH Zurich,pods,1,0.33333,1994
Gustavo Alonso,ETH Zurich,pods,1,0.25,1997
Gustavo Alonso,ETH Zurich,pods,2,0.58333,1999
Gustavo Alonso,ETH Zurich,sigmod,1,0.25,2003
Gustavo Alonso,ETH Zurich,sigmod,1,0.5,2008
Gustavo Alonso,ETH Zurich,sigmod,1,0.33333,2014
Gustavo Alonso,ETH Zurich,sigmod,1,0.25,2015
Gustavo Alonso,ETH Zurich,sigmod,1,0.33333,2016
Gustavo Alonso,ETH Zurich,sigmod,3,0.83333,2017
Gustavo Alonso,ETH Zurich,sigmod,2,0.53333,2020
Gustavo Alonso,ETH Zurich,sigmod,1,0.11111,2021
Gustavo Alonso,ETH Zurich,ubicomp,1,0.2,2006
Gustavo Alonso,ETH Zurich,usenixatc,1,0.25,2021
Gustavo Alonso,ETH Zurich,vldb,2,1,2000
Gustavo Alonso,ETH Zurich,vldb,1,0.5,2002
Gustavo Alonso,ETH Zurich,vldb,4,1.1167,2009
Gustavo Alonso,ETH Zurich,vldb,3,1.0833,2010
Gustavo Alonso,ETH Zurich,vldb,1,0.33333,2012
Gustavo Alonso,ETH Zurich,vldb,1,0.25,2013
Gustavo Alonso,ETH Zurich,vldb,3,0.83333,2014
Gustavo Alonso,ETH Zurich,vldb,1,0.25,2016
Gustavo Alonso,ETH Zurich,vldb,2,0.53333,2017
Gustavo Alonso,ETH Zurich,vldb,1,0.25,2018
Gustavo Alonso,ETH Zurich,vldb,3,0.56667,2019
Gustavo Alonso,ETH Zurich,vldb,1,0.2,2020
Gustavo Alonso,ETH Zurich,vldb,4,0.86667,2021
Gustavo Alonso,ETH Zurich,www,1,0.25,2005
Joachim M. Buhmann,ETH Zurich,aaai,1,0.33333,2015
Joachim M. Buhmann,ETH Zurich,aaai,1,0.2,2020
Joachim M. Buhmann,ETH Zurich,ccs,1,0.33333,2008
Joachim M. Buhmann,ETH Zurich,ccs,1,0.25,2009
Joachim M. Buhmann,ETH Zurich,cvpr,1,0.33333,1997
Joachim M. Buhmann,ETH Zurich,cvpr,1,0.33333,1999
Joachim M. Buhmann,ETH Zurich,cvpr,1,0.5,2001
Joachim M. Buhmann,ETH Zurich,cvpr,1,0.5,2004
Joachim M. Buhmann,ETH Zurich,cvpr,1,0.25,2005
Joachim M. Buhmann,ETH Zurich,cvpr,1,0.25,2006
Joachim M. Buhmann,ETH Zurich,cvpr,1,0.5,2007
Joachim M. Buhmann,ETH Zurich,cvpr,1,0.33333,2008
Joachim M. Buhmann,ETH Zurich,cvpr,2,0.83333,2010
Joachim M. Buhmann,ETH Zurich,cvpr,2,0.66667,2012
Joachim M. Buhmann,ETH Zurich,cvpr,1,0.5,2015
Joachim M. Buhmann,ETH Zurich,cvpr,1,0.25,2016
Joachim M. Buhmann,ETH Zurich,eccv,1,0.16667,1998
Joachim M. Buhmann,ETH Zurich,eccv,1,0.33333,2002
Joachim M. Buhmann,ETH Zurich,eccv,2,1,2006
Joachim M. Buhmann,ETH Zurich,iccv,1,0.5,1998
Joachim M. Buhmann,ETH Zurich,iccv,1,0.25,1999
Joachim M. Buhmann,ETH Zurich,iccv,1,0.2,2001
Joachim M. Buhmann,ETH Zurich,iccv,1,0.33333,2011
Joachim M. Buhmann,ETH Zurich,icml,1,0.33333,2001
Joachim M. Buhmann,ETH Zurich,icml,1,0.33333,2007
Joachim M. Buhmann,ETH Zurich,icml,1,0.5,2008
Joachim M. Buhmann,ETH Zurich,icml,2,0.58333,2009
Joachim M. Buhmann,ETH Zurich,icml,1,0.33333,2013
Joachim M. Buhmann,ETH Zurich,icml,1,0.25,2017
Joachim M. Buhmann,ETH Zurich,icml,1,0.33333,2019
Joachim M. Buhmann,ETH Zurich,icml,1,0.25,2020
Joachim M. Buhmann,ETH Zurich,ismb,1,0.16667,2006
Joachim M. Buhmann,ETH Zurich,ismb,1,0.33333,2009
Joachim M. Buhmann,ETH Zurich,kdd,1,0.5,2005
Joachim M. Buhmann,ETH Zurich,nips,2,0.83333,1993
Joachim M. Buhmann,ETH Zurich,nips,1,0.5,1994
Joachim M. Buhmann,ETH Zurich,nips,2,1,1997
Joachim M. Buhmann,ETH Zurich,nips,1,0.33333,1998
Joachim M. Buhmann,ETH Zurich,nips,1,0.5,1999
Joachim M. Buhmann,ETH Zurich,nips,1,0.5,2001
Joachim M. Buhmann,ETH Zurich,nips,2,0.5,2002
Joachim M. Buhmann,ETH Zurich,nips,1,0.33333,2003
Joachim M. Buhmann,ETH Zurich,nips,1,0.125,2004
Joachim M. Buhmann,ETH Zurich,nips,1,0.5,2005
Joachim M. Buhmann,ETH Zurich,nips,1,0.33333,2006
Joachim M. Buhmann,ETH Zurich,nips,1,0.33333,2013
Joachim M. Buhmann,ETH Zurich,nips,1,0.25,2014
Joachim M. Buhmann,ETH Zurich,nips,1,0.2,2016
Joachim M. Buhmann,ETH Zurich,nips,3,0.83333,2017
Joachim M. Buhmann,ETH Zurich,recomb,1,0.33333,2010
Juraj Hromkovic,ETH Zurich,stoc,1,0.5,1996
Kaveh Razavi,ETH Zurich,ccs,1,0.11111,2016
Kaveh Razavi,ETH Zurich,ccs,1,0.2,2020
Kaveh Razavi,ETH Zurich,fse,1,0.33333,2012
Kaveh Razavi,ETH Zurich,hpdc,1,0.33333,2014
Kaveh Razavi,ETH Zurich,icse,1,0.33333,2013
Kaveh Razavi,ETH Zurich,isca,1,0.076923,2021
Kaveh Razavi,ETH Zurich,micro,1,0.16667,2021
Kaveh Razavi,ETH Zurich,ndss,1,0.2,2017
Kaveh Razavi,ETH Zurich,ndss,1,0.2,2020
Kaveh Razavi,ETH Zurich,oakland,1,0.25,2016
Kaveh Razavi,ETH Zurich,oakland,1,0.25,2018
Kaveh Razavi,ETH Zurich,oakland,2,0.375,2019
Kaveh Razavi,ETH Zurich,oakland,2,0.29167,2020
Kaveh Razavi,ETH Zurich,oakland,1,0.2,2021
Kaveh Razavi,ETH Zurich,osdi,1,0.14286,2018
Kaveh Razavi,ETH Zurich,sc,1,0.5,2013
Kaveh Razavi,ETH Zurich,sigcomm,1,0.25,2015
Kaveh Razavi,ETH Zurich,sosp,1,0.25,2017
Kaveh Razavi,ETH Zurich,usenixatc,1,0.16667,2018
Kaveh Razavi,ETH Zurich,usenixsec,1,0.16667,2016
Kaveh Razavi,ETH Zurich,usenixsec,2,0.5,2018
Kaveh Razavi,ETH Zurich,usenixsec,1,0.25,2020
Kaveh Razavi,ETH Zurich,usenixsec,1,0.16667,2021
Kenneth G. Paterson,ETH Zurich,ccs,1,0.25,2008
Kenneth G. Paterson,ETH Zurich,ccs,1,0.5,2010
Kenneth G. Paterson,ETH Zurich,ccs,1,0.25,2016
Kenneth G. Paterson,ETH Zurich,ccs,3,0.83333,2018
Kenneth G. Paterson,ETH Zurich,ccs,1,0.5,2020
Kenneth G. Paterson,ETH Zurich,ccs,1,0.25,2021
Kenneth G. Paterson,ETH Zurich,crypto,2,0.58333,2013
Kenneth G. Paterson,ETH Zurich,crypto,2,0.58333,2014
Kenneth G. Paterson,ETH Zurich,crypto,1,0.25,2015
Kenneth G. Paterson,ETH Zurich,crypto,1,0.25,2016
Kenneth G. Paterson,ETH Zurich,crypto,1,0.25,2017
Kenneth G. Paterson,ETH Zurich,eurocrypt,1,0.33333,2004
Kenneth G. Paterson,ETH Zurich,eurocrypt,1,0.5,2006
Kenneth G. Paterson,ETH Zurich,eurocrypt,1,0.5,2010
Kenneth G. Paterson,ETH Zurich,eurocrypt,1,0.25,2012
Kenneth G. Paterson,ETH Zurich,eurocrypt,1,0.5,2016
Kenneth G. Paterson,ETH Zurich,imc,1,0.16667,2018
Kenneth G. Paterson,ETH Zurich,ndss,1,0.5,2012
Kenneth G. Paterson,ETH Zurich,ndss,1,0.33333,2013
Kenneth G. Paterson,ETH Zurich,oakland,1,0.5,2007
Kenneth G. Paterson,ETH Zurich,oakland,1,0.33333,2009
Kenneth G. Paterson,ETH Zurich,oakland,1,0.5,2013
Kenneth G. Paterson,ETH Zurich,oakland,1,0.33333,2018
Kenneth G. Paterson,ETH Zurich,oakland,1,0.25,2019
Kenneth G. Paterson,ETH Zurich,oakland,1,0.2,2020
Kenneth G. Paterson,ETH Zurich,pets,1,0.14286,2021
Kenneth G. Paterson,ETH Zurich,usenixsec,1,0.2,2013
Kenneth G. Paterson,ETH Zurich,usenixsec,1,0.33333,2015
Kenneth G. Paterson,ETH Zurich,usenixsec,1,0.33333,2020
Laurent Vanbever,ETH Zurich,cav,1,0.25,2017
Laurent Vanbever,ETH Zurich,imc,1,0.25,2015
Laurent Vanbever,ETH Zurich,ndss,1,0.25,2019
Laurent Vanbever,ETH Zurich,nsdi,1,0.14286,2016
Laurent Vanbever,ETH Zurich,nsdi,3,0.7,2018
Laurent Vanbever,ETH Zurich,nsdi,1,0.16667,2019
Laurent Vanbever,ETH Zurich,nsdi,2,0.58333,2020
Laurent Vanbever,ETH Zurich,nsdi,1,0.2,2021
Laurent Vanbever,ETH Zurich,oakland,1,0.33333,2017
Laurent Vanbever,ETH Zurich,pldi,1,0.2,2016
Laurent Vanbever,ETH Zurich,pldi,1,0.16667,2018
Laurent Vanbever,ETH Zurich,sigcomm,1,0.2,2011
Laurent Vanbever,ETH Zurich,sigcomm,1,0.1,2014
Laurent Vanbever,ETH Zurich,sigcomm,1,0.25,2015
Laurent Vanbever,ETH Zurich,sigcomm,1,0.25,2017
Laurent Vanbever,ETH Zurich,sigcomm,1,0.2,2020
Laurent Vanbever,ETH Zurich,sigcomm,1,0.33333,2021
Laurent Vanbever,ETH Zurich,usenixatc,1,0.14286,2016
Laurent Vanbever,ETH Zurich,usenixsec,1,0.14286,2015
Laurent Vanbever,ETH Zurich,usenixsec,1,0.2,2018
Lothar Thiele,ETH Zurich,cvpr,1,0.25,2020
Lothar Thiele,ETH Zurich,dac,1,0.2,1999
Lothar Thiele,ETH Zurich,dac,2,0.5,2002
Lothar Thiele,ETH Zurich,dac,1,0.2,2010
Lothar Thiele,ETH Zurich,dac,2,0.75,2011
Lothar Thiele,ETH Zurich,dac,1,0.16667,2012
Lothar Thiele,ETH Zurich,dac,2,0.41667,2013
Lothar Thiele,ETH Zurich,dac,3,0.75,2014
Lothar Thiele,ETH Zurich,dac,1,0.33333,2015
Lothar Thiele,ETH Zurich,emsoft,1,0.2,2001
Lothar Thiele,ETH Zurich,emsoft,1,0.5,2005
Lothar Thiele,ETH Zurich,emsoft,1,0.33333,2006
Lothar Thiele,ETH Zurich,emsoft,1,0.11111,2007
Lothar Thiele,ETH Zurich,emsoft,1,0.25,2008
Lothar Thiele,ETH Zurich,emsoft,2,0.83333,2009
Lothar Thiele,ETH Zurich,emsoft,1,0.25,2010
Lothar Thiele,ETH Zurich,emsoft,1,0.33333,2011
Lothar Thiele,ETH Zurich,emsoft,1,0.25,2012
Lothar Thiele,ETH Zurich,emsoft,1,0.25,2013
Lothar Thiele,ETH Zurich,emsoft,2,0.75,2014
Lothar Thiele,ETH Zurich,emsoft,2,0.7,2015
Lothar Thiele,ETH Zurich,emsoft,1,0.2,2016
Lothar Thiele,ETH Zurich,emsoft,1,0.25,2017
Lothar Thiele,ETH Zurich,eurosys,1,0.33333,2016
Lothar Thiele,ETH Zurich,iccad,2,0.7,1998
Lothar Thiele,ETH Zurich,iccad,1,0.2,1999
Lothar Thiele,ETH Zurich,iccad,1,0.2,2010
Lothar Thiele,ETH Zurich,kdd,1,0.16667,2020
Lothar Thiele,ETH Zurich,kdd,1,0.2,2021
Lothar Thiele,ETH Zurich,mobicom,1,0.2,2020
Lothar Thiele,ETH Zurich,nips,1,0.33333,2018
Lothar Thiele,ETH Zurich,rtas,1,0.33333,2004
Lothar Thiele,ETH Zurich,rtas,1,0.5,2005
Lothar Thiele,ETH Zurich,rtas,3,0.91667,2009
Lothar Thiele,ETH Zurich,rtas,1,0.33333,2010
Lothar Thiele,ETH Zurich,rtas,1,0.2,2011
Lothar Thiele,ETH Zurich,rtas,2,0.75,2012
Lothar Thiele,ETH Zurich,rtas,1,0.2,2015
Lothar Thiele,ETH Zurich,rtas,1,0.2,2016
Lothar Thiele,ETH Zurich,rtss,1,0.33333,2002
Lothar Thiele,ETH Zurich,rtss,1,0.25,2003
Lothar Thiele,ETH Zurich,rtss,1,0.2,2006
Lothar Thiele,ETH Zurich,rtss,2,0.58333,2007
Lothar Thiele,ETH Zurich,rtss,2,0.53333,2009
Lothar Thiele,ETH Zurich,rtss,1,0.5,2012
Lothar Thiele,ETH Zurich,rtss,1,0.2,2015
Lothar Thiele,ETH Zurich,rtss,1,0.2,2016
Lothar Thiele,ETH Zurich,sensys,2,0.58333,2012
Lothar Thiele,ETH Zurich,sensys,1,0.25,2014
Lothar Thiele,ETH Zurich,sensys,2,0.36111,2015
Lothar Thiele,ETH Zurich,sensys,1,0.16667,2021
Lothar Thiele,ETH Zurich,ubicomp,1,0.25,2017
Lothar Thiele,ETH Zurich,ubicomp,1,0.33333,2018
Lothar Thiele,ETH Zurich,ubicomp,1,0.25,2019
Lothar Thiele,ETH Zurich,usenixsec,1,0.16667,2015
Luc Van Gool,ETH Zurich,aaai,1,0.5,2017
Luc Van Gool,ETH Zurich,aaai,2,0.66667,2018
Luc Van Gool,ETH Zurich,aaai,1,0.33333,2019
Luc Van Gool,ETH Zurich,aaai,2,0.36667,2021
Luc Van Gool,ETH Zurich,cvpr,1,0.33333,1991
Luc Van Gool,ETH Zurich,cvpr,1,0.33333,1996
Luc Van Gool,ETH Zurich,cvpr,1,0.5,1997
Luc Van Gool,ETH Zurich,cvpr,1,0.33333,1999
Luc Van Gool,ETH Zurich,cvpr,3,1.1667,2001
Luc Van Gool,ETH Zurich,cvpr,1,0.33333,2003
Luc Van Gool,ETH Zurich,cvpr,5,1.75,2004
Luc Van Gool,ETH Zurich,cvpr,5,1.9167,2005
Luc Van Gool,ETH Zurich,cvpr,5,1.5,2006
Luc Van Gool,ETH Zurich,cvpr,2,0.58333,2007
Luc Van Gool,ETH Zurich,cvpr,8,2.6262,2008
Luc Van Gool,ETH Zurich,cvpr,6,1.6667,2010
Luc Van Gool,ETH Zurich,cvpr,6,1.8667,2011
Luc Van Gool,ETH Zurich,cvpr,5,1.45,2012
Luc Van Gool,ETH Zurich,cvpr,7,2.1667,2013
Luc Van Gool,ETH Zurich,cvpr,8,2.45,2014
Luc Van Gool,ETH Zurich,cvpr,6,1.75,2015
Luc Van Gool,ETH Zurich,cvpr,8,2.1167,2016
Luc Van Gool,ETH Zurich,cvpr,8,1.8667,2017
Luc Van Gool,ETH Zurich,cvpr,16,3.5333,2018
Luc Van Gool,ETH Zurich,cvpr,10,2.2429,2019
Luc Van Gool,ETH Zurich,cvpr,6,1.7833,2020
Luc Van Gool,ETH Zurich,cvpr,15,2.7869,2021
Luc Van Gool,ETH Zurich,eccv,3,0.83333,1994
Luc Van Gool,ETH Zurich,eccv,2,0.66667,1996
Luc Van Gool,ETH Zurich,eccv,2,0.58333,1998
Luc Van Gool,ETH Zurich,eccv,6,2.2,2002
Luc Van Gool,ETH Zurich,eccv,1,0.33333,2004
Luc Van Gool,ETH Zurich,eccv,3,1,2006
Luc Van Gool,ETH Zurich,eccv,2,0.5,2008
Luc Van Gool,ETH Zurich,eccv,7,2.0333,2010
Luc Van Gool,ETH Zurich,eccv,10,2.6,2012
Luc Van Gool,ETH Zurich,eccv,7,2.0833,2014
Luc Van Gool,ETH Zurich,eccv,4,0.97619,2016
Luc Van Gool,ETH Zurich,eccv,10,2.5512,2018
Luc Van Gool,ETH Zurich,eccv,18,3.969,2020
Luc Van Gool,ETH Zurich,emnlp,1,0.2,2019
Luc Van Gool,ETH Zurich,iccv,1,0.2,1993
Luc Van Gool,ETH Zurich,iccv,2,0.83333,1995
Luc Van Gool,ETH Zurich,iccv,3,0.91667,1998
Luc Van Gool,ETH Zurich,iccv,3,0.78333,1999
Luc Van Gool,ETH Zurich,iccv,1,0.5,2001
Luc Van Gool,ETH Zurich,iccv,2,0.66667,2003
Luc Van Gool,ETH Zurich,iccv,1,0.16667,2005
Luc Van Gool,ETH Zurich,iccv,5,1.45,2007
Luc Van Gool,ETH Zurich,iccv,6,1.6167,2009
Luc Van Gool,ETH Zurich,iccv,10,2.9,2013
Luc Van Gool,ETH Zurich,iccv,3,0.95,2015
Luc Van Gool,ETH Zurich,iccv,6,1.4833,2017
Luc Van Gool,ETH Zurich,iccv,9,2.3667,2019
Luc Van Gool,ETH Zurich,iccv,22,4.6718,2021
Luc Van Gool,ETH Zurich,icml,1,0.16667,2020
Luc Van Gool,ETH Zurich,icra,1,0.33333,1990
Luc Van Gool,ETH Zurich,icra,1,0.25,1998
Luc Van Gool,ETH Zurich,icra,1,0.25,1999
Luc Van Gool,ETH Zurich,icra,2,0.5,2000
Luc Van Gool,ETH Zurich,icra,1,0.33333,2001
Luc Van Gool,ETH Zurich,icra,1,0.16667,2006
Luc Van Gool,ETH Zurich,icra,1,0.25,2009
Luc Van Gool,ETH Zurich,icra,1,0.2,2014
Luc Van Gool,ETH Zurich,icra,1,0.33333,2015
Luc Van Gool,ETH Zurich,icra,1,0.2,2019
Luc Van Gool,ETH Zurich,icra,2,0.45,2021
Luc Van Gool,ETH Zurich,ijcai,1,0.16667,2021
Luc Van Gool,ETH Zurich,iros,1,0.2,2005
Luc Van Gool,ETH Zurich,iros,1,0.16667,2012
Luc Van Gool,ETH Zurich,iros,3,0.78333,2020
Luc Van Gool,ETH Zurich,iros,2,0.5,2021
Luc Van Gool,ETH Zurich,nips,1,0.25,2011
Luc Van Gool,ETH Zurich,nips,2,0.5,2014
Luc Van Gool,ETH Zurich,nips,1,0.25,2016
Luc Van Gool,ETH Zurich,nips,2,0.30952,2017
Luc Van Gool,ETH Zurich,nips,2,0.58333,2020
Luc Van Gool,ETH Zurich,rss,1,0.2,2008
Luc Van Gool,ETH Zurich,rss,1,0.5,2020
Luc Van Gool,ETH Zurich,siggraph,1,0.076923,2003
Luc Van Gool,ETH Zurich,siggraph,1,0.2,2006
Luc Van Gool,ETH Zurich,siggraph,1,0.25,2007
Luca Benini,ETH Zurich,aaai,1,0.25,2012
Luca Benini,ETH Zurich,aaai,1,0.2,2019
Luca Benini,ETH Zurich,asplos,1,0.076923,2020
Luca Benini,ETH Zurich,dac,1,0.33333,1996
Luca Benini,ETH Zurich,dac,1,0.33333,1997
Luca Benini,ETH Zurich,dac,2,0.41667,1998
Luca Benini,ETH Zurich,dac,4,1.0667,1999
Luca Benini,ETH Zurich,dac,3,0.73333,2001
Luca Benini,ETH Zurich,dac,1,0.33333,2002
Luca Benini,ETH Zurich,dac,2,0.41667,2003
Luca Benini,ETH Zurich,dac,1,0.16667,2004
Luca Benini,ETH Zurich,dac,2,0.26786,2006
Luca Benini,ETH Zurich,dac,1,0.16667,2010
Luca Benini,ETH Zurich,dac,1,0.125,2012
Luca Benini,ETH Zurich,dac,2,0.53333,2013
Luca Benini,ETH Zurich,dac,2,0.36667,2014
Luca Benini,ETH Zurich,dac,2,0.53333,2015
Luca Benini,ETH Zurich,dac,1,0.33333,2017
Luca Benini,ETH Zurich,dac,1,0.2,2018
Luca Benini,ETH Zurich,dac,2,0.53333,2020
Luca Benini,ETH Zurich,dac,1,0.125,2021
Luca Benini,ETH Zurich,emsoft,1,0.2,2007
Luca Benini,ETH Zurich,emsoft,1,0.33333,2008
Luca Benini,ETH Zurich,emsoft,1,0.33333,2009
Luca Benini,ETH Zurich,hpca,1,0.1,2015
Luca Benini,ETH Zurich,iccad,2,0.53333,1997
Luca Benini,ETH Zurich,iccad,2,0.83333,1998
Luca Benini,ETH Zurich,iccad,1,0.33333,1999
Luca Benini,ETH Zurich,iccad,1,0.25,2004
Luca Benini,ETH Zurich,iccad,1,0.125,2006
Luca Benini,ETH Zurich,iccad,1,0.16667,2009
Luca Benini,ETH Zurich,iccad,1,0.2,2021
Luca Benini,ETH Zurich,isca,1,0.125,2021
Luca Benini,ETH Zurich,mobicom,1,0.25,2000
Luca Benini,ETH Zurich,nips,1,0.14286,2017
Luca Benini,ETH Zurich,nips,1,0.25,2019
Luca Benini,ETH Zurich,pldi,1,0.25,2020
Luca Benini,ETH Zurich,rtas,1,0.16667,2011
Luca Benini,ETH Zurich,sc,1,0.1,2019
Luca Benini,ETH Zurich,ubicomp,1,0.25,2006
Markus H. Gross,ETH Zurich,aaai,2,0.4,2018
Markus H. Gross,ETH Zurich,chiconf,1,0.2,2020
Markus H. Gross,ETH Zurich,cvpr,1,0.16667,2016
Markus H. Gross,ETH Zurich,cvpr,1,0.2,2017
Markus H. Gross,ETH Zurich,cvpr,3,0.66667,2018
Markus H. Gross,ETH Zurich,cvpr,2,0.53333,2019
Markus H. Gross,ETH Zurich,cvpr,1,0.25,2020
Markus H. Gross,ETH Zurich,cvpr,1,0.2,2021
Markus H. Gross,ETH Zurich,eccv,1,0.25,2012
Markus H. Gross,ETH Zurich,eccv,2,0.58333,2016
Markus H. Gross,ETH Zurich,iccv,1,0.25,2015
Markus H. Gross,ETH Zurich,icml,1,0.33333,2019
Markus H. Gross,ETH Zurich,siggraph,1,0.16667,1996
Markus H. Gross,ETH Zurich,siggraph,1,0.25,2000
Markus H. Gross,ETH Zurich,siggraph,2,0.75,2001
Markus H. Gross,ETH Zurich,siggraph,1,0.25,2002
Markus H. Gross,ETH Zurich,siggraph,2,0.32692,2003
Markus H. Gross,ETH Zurich,siggraph,2,0.41667,2005
Markus H. Gross,ETH Zurich,siggraph,1,0.090909,2006
Markus H. Gross,ETH Zurich,siggraph,4,0.86905,2007
Markus H. Gross,ETH Zurich,siggraph,1,0.25,2008
Markus H. Gross,ETH Zurich,siggraph,3,0.61667,2009
Markus H. Gross,ETH Zurich,siggraph,7,1.4595,2010
Markus H. Gross,ETH Zurich,siggraph,5,1.2361,2011
Markus H. Gross,ETH Zurich,siggraph,6,1.1095,2012
Markus H. Gross,ETH Zurich,siggraph,3,0.525,2013
Markus H. Gross,ETH Zurich,siggraph,4,0.63452,2014
Markus H. Gross,ETH Zurich,siggraph,4,0.97619,2015
Markus H. Gross,ETH Zurich,siggraph,3,0.75,2016
Markus H. Gross,ETH Zurich,siggraph,2,0.5,2017
Markus H. Gross,ETH Zurich,siggraph,1,0.25,2019
Markus H. Gross,ETH Zurich,siggraph,2,0.45,2020
Markus H. Gross,ETH Zurich,siggraph-asia,2,0.5,2009
Markus H. Gross,ETH Zurich,siggraph-asia,4,0.98333,2010
Markus H. Gross,ETH Zurich,siggraph-asia,3,0.6,2011
Markus H. Gross,ETH Zurich,siggraph-asia,3,0.9,2012
Markus H. Gross,ETH Zurich,siggraph-asia,1,0.16667,2013
Markus H. Gross,ETH Zurich,siggraph-asia,2,0.4,2014
Markus H. Gross,ETH Zurich,siggraph-asia,2,0.36667,2015
Markus H. Gross,ETH Zurich,siggraph-asia,2,0.34286,2016
Markus H. Gross,ETH Zurich,siggraph-asia,1,0.2,2017
Markus H. Gross,ETH Zurich,siggraph-asia,1,0.25,2019
Markus H. Gross,ETH Zurich,siggraph-asia,2,0.30952,2021
Markus H. Gross,ETH Zurich,uist,1,0.5,2006
Markus H. Gross,ETH Zurich,vis,1,0.33333,1995
Markus H. Gross,ETH Zurich,vis,1,0.33333,1997
Markus H. Gross,ETH Zurich,vis,1,0.5,1998
Markus H. Gross,ETH Zurich,vis,2,0.83333,2000
Markus H. Gross,ETH Zurich,vis,2,0.75,2001
Markus H. Gross,ETH Zurich,vis,1,0.33333,2002
Markus H. Gross,ETH Zurich,vis,1,0.33333,2003
Markus H. Gross,ETH Zurich,vis,1,0.2,2005
Markus H. Gross,ETH Zurich,vis,1,0.16667,2018
Markus H. Gross,ETH Zurich,vis,1,0.33333,2020
Markus H. Gross,ETH Zurich,vis,1,0.33333,2021
Markus H. Gross,ETH Zurich,vr,1,0.33333,2004
Markus H. Gross,ETH Zurich,vr,1,0.25,2006
Markus H. Gross,ETH Zurich,vr,1,0.25,2007
Markus Püschel,ETH Zurich,aaai,1,0.2,2021
Markus Püschel,ETH Zurich,cav,1,0.33333,2018
Markus Püschel,ETH Zurich,dac,1,0.25,2003
Markus Püschel,ETH Zurich,dac,1,0.25,2008
Markus Püschel,ETH Zurich,dac,1,0.33333,2012
Markus Püschel,ETH Zurich,iccad,1,0.33333,2004
Markus Püschel,ETH Zurich,icml,1,0.25,2009
Markus Püschel,ETH Zurich,icml,1,0.25,2013
Markus Püschel,ETH Zurich,ics,1,0.33333,2009
Markus Püschel,ETH Zurich,ics,1,0.25,2011
Markus Püschel,ETH Zurich,nips,1,0.2,2018
Markus Püschel,ETH Zurich,nips,2,0.58333,2019
Markus Püschel,ETH Zurich,pldi,1,0.33333,2005
Markus Püschel,ETH Zurich,pldi,1,0.33333,2015
Markus Püschel,ETH Zurich,pldi,1,0.25,2020
Markus Püschel,ETH Zurich,popl,1,0.33333,2017
Markus Püschel,ETH Zurich,popl,1,0.33333,2018
Markus Püschel,ETH Zurich,popl,1,0.25,2019
Markus Püschel,ETH Zurich,popl,1,0.2,2022
Markus Püschel,ETH Zurich,sc,1,0.33333,2006
Martin T. Vechev,ETH Zurich,aaai,1,0.25,2021
Martin T. Vechev,ETH Zurich,cav,1,0.33333,2015
Martin T. Vechev,ETH Zurich,cav,1,0.33333,2016
Martin T. Vechev,ETH Zurich,cav,3,0.78333,2017
Martin T. Vechev,ETH Zurich,cav,1,0.33333,2018
Martin T. Vechev,ETH Zurich,cav,1,0.16667,2021
Martin T. Vechev,ETH Zurich,ccs,1,0.25,2016
Martin T. Vechev,ETH Zurich,ccs,1,0.2,2017
Martin T. Vechev,ETH Zurich,ccs,3,0.56667,2018
Martin T. Vechev,ETH Zurich,ccs,2,0.36667,2019
Martin T. Vechev,ETH Zurich,ccs,1,0.25,2021
Martin T. Vechev,ETH Zurich,chiconf,1,0.33333,2015
Martin T. Vechev,ETH Zurich,emsoft,1,0.1,2005
Martin T. Vechev,ETH Zurich,iccv,1,0.2,2021
Martin T. Vechev,ETH Zurich,icml,1,0.33333,2016
Martin T. Vechev,ETH Zurich,icml,2,0.53333,2018
Martin T. Vechev,ETH Zurich,icml,1,0.16667,2019
Martin T. Vechev,ETH Zurich,icml,2,0.75,2020
Martin T. Vechev,ETH Zurich,icml,3,0.78333,2021
Martin T. Vechev,ETH Zurich,issta,1,0.14286,2014
Martin T. Vechev,ETH Zurich,nips,2,0.53333,2018
Martin T. Vechev,ETH Zurich,nips,2,0.45,2019
Martin T. Vechev,ETH Zurich,nips,2,0.58333,2020
Martin T. Vechev,ETH Zurich,nsdi,2,0.5,2018
Martin T. Vechev,ETH Zurich,nsdi,1,0.25,2020
Martin T. Vechev,ETH Zurich,nsdi,1,0.2,2021
Martin T. Vechev,ETH Zurich,oakland,1,0.16667,2018
Martin T. Vechev,ETH Zurich,oakland,1,0.2,2020
Martin T. Vechev,ETH Zurich,oakland,1,0.25,2021
Martin T. Vechev,ETH Zurich,oopsla,1,0.33333,2008
Martin T. Vechev,ETH Zurich,oopsla,3,0.66667,2011
Martin T. Vechev,ETH Zurich,oopsla,2,0.58333,2013
Martin T. Vechev,ETH Zurich,oopsla,2,0.53333,2015
Martin T. Vechev,ETH Zurich,oopsla,2,0.58333,2016
Martin T. Vechev,ETH Zurich,oopsla,1,0.33333,2018
Martin T. Vechev,ETH Zurich,pldi,1,0.33333,2006
Martin T. Vechev,ETH Zurich,pldi,1,0.25,2007
Martin T. Vechev,ETH Zurich,pldi,1,0.5,2008
Martin T. Vechev,ETH Zurich,pldi,1,0.33333,2009
Martin T. Vechev,ETH Zurich,pldi,1,0.33333,2011
Martin T. Vechev,ETH Zurich,pldi,3,0.65,2012
Martin T. Vechev,ETH Zurich,pldi,2,0.58333,2014
Martin T. Vechev,ETH Zurich,pldi,1,0.33333,2015
Martin T. Vechev,ETH Zurich,pldi,1,0.2,2016
Martin T. Vechev,ETH Zurich,pldi,4,0.86667,2018
Martin T. Vechev,ETH Zurich,pldi,2,0.5,2019
Martin T. Vechev,ETH Zurich,pldi,3,0.83333,2020
Martin T. Vechev,ETH Zurich,pldi,4,0.95,2021
Martin T. Vechev,ETH Zurich,popl,1,0.33333,2010
Martin T. Vechev,ETH Zurich,popl,1,0.16667,2011
Martin T. Vechev,ETH Zurich,popl,1,0.33333,2015
Martin T. Vechev,ETH Zurich,popl,1,0.25,2016
Martin T. Vechev,ETH Zurich,popl,2,0.58333,2017
Martin T. Vechev,ETH Zurich,popl,1,0.33333,2018
Martin T. Vechev,ETH Zurich,popl,1,0.25,2019
Martin T. Vechev,ETH Zurich,popl,1,0.2,2022
Martin T. Vechev,ETH Zurich,recomb,1,0.16667,2020
Martin T. Vechev,ETH Zurich,sigcomm,1,0.2,2020
Martin T. Vechev,ETH Zurich,usenixsec,1,0.2,2018
Mohsen Ghaffari,ETH Zurich,focs,1,0.5,2014
Mohsen Ghaffari,ETH Zurich,focs,1,0.33333,2017
Mohsen Ghaffari,ETH Zurich,focs,1,0.33333,2018
Mohsen Ghaffari,ETH Zurich,focs,1,0.33333,2019
Mohsen Ghaffari,ETH Zurich,focs,1,0.5,2021
Mohsen Ghaffari,ETH Zurich,icml,1,0.33333,2019
Mohsen Ghaffari,ETH Zurich,soda,1,0.5,2013
Mohsen Ghaffari,ETH Zurich,soda,2,0.58333,2014
Mohsen Ghaffari,ETH Zurich,soda,1,0.2,2015
Mohsen Ghaffari,ETH Zurich,soda,2,1.5,2016
Mohsen Ghaffari,ETH Zurich,soda,2,0.83333,2017
Mohsen Ghaffari,ETH Zurich,soda,2,1.5,2019
Mohsen Ghaffari,ETH Zurich,soda,1,0.33333,2020
Mohsen Ghaffari,ETH Zurich,soda,2,0.83333,2021
Mohsen Ghaffari,ETH Zurich,stoc,1,0.33333,2014
Mohsen Ghaffari,ETH Zurich,stoc,1,0.33333,2017
Mohsen Ghaffari,ETH Zurich,stoc,2,0.75,2018
Mohsen Ghaffari,ETH Zurich,stoc,1,0.5,2020
Mohsen Ghaffari,ETH Zurich,stoc,1,0.33333,2021
Moira C. Norrie,ETH Zurich,chiconf,1,0.33333,2011
Moira C. Norrie,ETH Zurich,chiconf,1,0.33333,2013
Moira C. Norrie,ETH Zurich,chiconf,1,0.25,2014
Moira C. Norrie,ETH Zurich,chiconf,1,0.25,2015
Moira C. Norrie,ETH Zurich,mobicom,1,0.2,2005
Moira C. Norrie,ETH Zurich,sigmod,1,0.33333,2014
Moira C. Norrie,ETH Zurich,vldb,1,0.33333,1996
Mrinmaya Sachan,ETH Zurich,aaai,1,0.11111,2021
Mrinmaya Sachan,ETH Zurich,acl,1,0.16667,2013
Mrinmaya Sachan,ETH Zurich,acl,1,0.25,2015
Mrinmaya Sachan,ETH Zurich,acl,4,1.5,2016
Mrinmaya Sachan,ETH Zurich,acl,1,1,2020
Mrinmaya Sachan,ETH Zurich,acl,2,0.66667,2021
Mrinmaya Sachan,ETH Zurich,emnlp,1,0.33333,2017
Mrinmaya Sachan,ETH Zurich,emnlp,1,0.25,2018
Mrinmaya Sachan,ETH Zurich,emnlp,1,0.14286,2021
Mrinmaya Sachan,ETH Zurich,ijcai,1,0.33333,2015
Mrinmaya Sachan,ETH Zurich,ijcai,1,0.2,2016
Mrinmaya Sachan,ETH Zurich,kdd,1,0.5,2018
Mrinmaya Sachan,ETH Zurich,naacl,1,0.5,2018
Mrinmaya Sachan,ETH Zurich,nips,1,0.2,2018
Mrinmaya Sachan,ETH Zurich,www,1,0.25,2012
Niao He,ETH Zurich,icml,1,0.25,2013
Niao He,ETH Zurich,icml,1,0.2,2017
Niao He,ETH Zurich,icml,1,0.125,2018
Niao He,ETH Zurich,icml,1,0.5,2019
Niao He,ETH Zurich,nips,1,0.14286,2014
Niao He,ETH Zurich,nips,2,0.7,2015
Niao He,ETH Zurich,nips,1,0.25,2017
Niao He,ETH Zurich,nips,3,0.70833,2018
Niao He,ETH Zurich,nips,2,0.39286,2019
Niao He,ETH Zurich,nips,6,1.7833,2020
Olga Sorkine-Hornung,ETH Zurich,chiconf,1,0.33333,2021
Olga Sorkine-Hornung,ETH Zurich,cvpr,1,0.2,2019
Olga Sorkine-Hornung,ETH Zurich,cvpr,1,0.2,2020
Olga Sorkine-Hornung,ETH Zurich,cvpr,1,0.25,2021
Olga Sorkine-Hornung,ETH Zurich,siggraph,1,0.33333,2003
Olga Sorkine-Hornung,ETH Zurich,siggraph,2,0.5,2005
Olga Sorkine-Hornung,ETH Zurich,siggraph,1,0.2,2006
Olga Sorkine-Hornung,ETH Zurich,siggraph,1,0.25,2007
Olga Sorkine-Hornung,ETH Zurich,siggraph,1,0.25,2009
Olga Sorkine-Hornung,ETH Zurich,siggraph,1,0.25,2010
Olga Sorkine-Hornung,ETH Zurich,siggraph,2,0.5,2011
Olga Sorkine-Hornung,ETH Zurich,siggraph,1,0.2,2012
Olga Sorkine-Hornung,ETH Zurich,siggraph,5,1.4167,2013
Olga Sorkine-Hornung,ETH Zurich,siggraph,4,0.83333,2014
Olga Sorkine-Hornung,ETH Zurich,siggraph,2,0.39286,2015
Olga Sorkine-Hornung,ETH Zurich,siggraph,2,0.33333,2016
Olga Sorkine-Hornung,ETH Zurich,siggraph,1,0.2,2017
Olga Sorkine-Hornung,ETH Zurich,siggraph,1,0.33333,2018
Olga Sorkine-Hornung,ETH Zurich,siggraph,2,0.7,2019
Olga Sorkine-Hornung,ETH Zurich,siggraph,1,0.16667,2020
Olga Sorkine-Hornung,ETH Zurich,siggraph,1,0.16667,2021
Olga Sorkine-Hornung,ETH Zurich,siggraph-asia,1,0.25,2008
Olga Sorkine-Hornung,ETH Zurich,siggraph-asia,2,0.4,2009
Olga Sorkine-Hornung,ETH Zurich,siggraph-asia,2,0.5,2010
Olga Sorkine-Hornung,ETH Zurich,siggraph-asia,3,1,2011
Olga Sorkine-Hornung,ETH Zurich,siggraph-asia,2,0.75,2012
Olga Sorkine-Hornung,ETH Zurich,siggraph-asia,2,0.64286,2014
Olga Sorkine-Hornung,ETH Zurich,siggraph-asia,2,0.5,2015
Olga Sorkine-Hornung,ETH Zurich,siggraph-asia,1,0.2,2017
Olga Sorkine-Hornung,ETH Zurich,siggraph-asia,1,0.33333,2018
Olga Sorkine-Hornung,ETH Zurich,siggraph-asia,3,0.73333,2019
Olga Sorkine-Hornung,ETH Zurich,siggraph-asia,3,0.91667,2020
Olga Sorkine-Hornung,ETH Zurich,vis,1,0.25,2002
Olga Sorkine-Hornung,ETH Zurich,vis,1,0.16667,2014
Onur Mutlu,ETH Zurich,asplos,1,0.2,2008
Onur Mutlu,ETH Zurich,asplos,1,0.25,2009
Onur Mutlu,ETH Zurich,asplos,1,0.25,2010
Onur Mutlu,ETH Zurich,asplos,1,0.25,2012
Onur Mutlu,ETH Zurich,asplos,1,0.125,2013
Onur Mutlu,ETH Zurich,asplos,5,0.65043,2018
Onur Mutlu,ETH Zurich,asplos,1,0.14286,2019
Onur Mutlu,ETH Zurich,asplos,1,0.14286,2020
Onur Mutlu,ETH Zurich,asplos,3,0.40952,2021
Onur Mutlu,ETH Zurich,asplos,1,0.071429,2022
Onur Mutlu,ETH Zurich,dac,1,0.33333,2013
Onur Mutlu,ETH Zurich,dac,1,0.33333,2018
Onur Mutlu,ETH Zurich,dac,1,0.125,2019
Onur Mutlu,ETH Zurich,fast,1,0.2,2018
Onur Mutlu,ETH Zurich,hpca,1,0.25,2003
Onur Mutlu,ETH Zurich,hpca,1,0.25,2007
Onur Mutlu,ETH Zurich,hpca,1,0.25,2008
Onur Mutlu,ETH Zurich,hpca,2,0.58333,2009
Onur Mutlu,ETH Zurich,hpca,1,0.25,2010
Onur Mutlu,ETH Zurich,hpca,1,0.33333,2011
Onur Mutlu,ETH Zurich,hpca,3,0.56667,2013
Onur Mutlu,ETH Zurich,hpca,2,0.34286,2014
Onur Mutlu,ETH Zurich,hpca,3,0.48571,2015
Onur Mutlu,ETH Zurich,hpca,4,0.57619,2016
Onur Mutlu,ETH Zurich,hpca,2,0.27778,2017
Onur Mutlu,ETH Zurich,hpca,2,0.45,2018
Onur Mutlu,ETH Zurich,hpca,2,0.325,2019
Onur Mutlu,ETH Zurich,hpca,1,0.2,2020
Onur Mutlu,ETH Zurich,hpca,2,0.18333,2021
Onur Mutlu,ETH Zurich,iccad,1,0.33333,2009
Onur Mutlu,ETH Zurich,icde,1,0.2,2020
Onur Mutlu,ETH Zurich,icde,1,0.14286,2021
Onur Mutlu,ETH Zurich,icml,1,0.25,2020
Onur Mutlu,ETH Zurich,ics,1,0.16667,2017
Onur Mutlu,ETH Zurich,ics,1,0.2,2018
Onur Mutlu,ETH Zurich,imc,1,0.25,2018
Onur Mutlu,ETH Zurich,iros,1,0.2,2021
Onur Mutlu,ETH Zurich,isca,1,0.33333,2005
Onur Mutlu,ETH Zurich,isca,1,0.25,2006
Onur Mutlu,ETH Zurich,isca,1,0.16667,2007
Onur Mutlu,ETH Zurich,isca,2,0.75,2008
Onur Mutlu,ETH Zurich,isca,3,1.0833,2009
Onur Mutlu,ETH Zurich,isca,2,0.45,2010
Onur Mutlu,ETH Zurich,isca,2,0.5,2011
Onur Mutlu,ETH Zurich,isca,3,0.65,2012
Onur Mutlu,ETH Zurich,isca,3,0.59286,2013
Onur Mutlu,ETH Zurich,isca,2,0.27778,2014
Onur Mutlu,ETH Zurich,isca,4,0.68611,2015
Onur Mutlu,ETH Zurich,isca,2,0.325,2016
Onur Mutlu,ETH Zurich,isca,1,0.33333,2017
Onur Mutlu,ETH Zurich,isca,3,0.41111,2018
Onur Mutlu,ETH Zurich,isca,2,0.21591,2019
Onur Mutlu,ETH Zurich,isca,4,0.51071,2020
Onur Mutlu,ETH Zurich,isca,3,0.31303,2021
Onur Mutlu,ETH Zurich,micro,1,0.25,2004
Onur Mutlu,ETH Zurich,micro,2,0.58333,2005
Onur Mutlu,ETH Zurich,micro,1,0.25,2006
Onur Mutlu,ETH Zurich,micro,2,0.75,2007
Onur Mutlu,ETH Zurich,micro,2,0.58333,2008
Onur Mutlu,ETH Zurich,micro,4,1.0833,2009
Onur Mutlu,ETH Zurich,micro,1,0.25,2010
Onur Mutlu,ETH Zurich,micro,3,0.50952,2011
Onur Mutlu,ETH Zurich,micro,2,0.21591,2013
Onur Mutlu,ETH Zurich,micro,2,0.45833,2014
Onur Mutlu,ETH Zurich,micro,3,0.50952,2015
Onur Mutlu,ETH Zurich,micro,2,0.44444,2016
Onur Mutlu,ETH Zurich,micro,4,0.60952,2017
Onur Mutlu,ETH Zurich,micro,1,0.1,2018
Onur Mutlu,ETH Zurich,micro,4,0.70397,2019
Onur Mutlu,ETH Zurich,micro,4,0.47841,2020
Onur Mutlu,ETH Zurich,micro,6,0.95541,2021
Onur Mutlu,ETH Zurich,nsdi,1,0.14286,2017
Onur Mutlu,ETH Zurich,oakland,2,0.26786,2020
Onur Mutlu,ETH Zurich,osdi,1,0.14286,2016
Onur Mutlu,ETH Zurich,osdi,1,0.125,2018
Onur Mutlu,ETH Zurich,pldi,1,0.11111,2019
Onur Mutlu,ETH Zurich,rtas,1,0.16667,2014
Onur Mutlu,ETH Zurich,sigcomm,1,0.2,2012
Onur Mutlu,ETH Zurich,sigmetrics,2,0.30952,2014
Onur Mutlu,ETH Zurich,sigmetrics,1,0.25,2015
Onur Mutlu,ETH Zurich,sigmetrics,2,0.24286,2016
Onur Mutlu,ETH Zurich,sigmetrics,2,0.225,2017
Onur Mutlu,ETH Zurich,sigmetrics,3,0.61667,2018
Onur Mutlu,ETH Zurich,sigmetrics,1,0.2,2019
Onur Mutlu,ETH Zurich,sigmetrics,1,0.16667,2022
Onur Mutlu,ETH Zurich,usenixsec,1,0.5,2007
Onur Mutlu,ETH Zurich,vldb,1,0.2,2018
Onur Mutlu,ETH Zurich,vldb,1,0.16667,2019
Onur Mutlu,ETH Zurich,vldb,1,0.055556,2021
Otmar Hilliges,ETH Zurich,chiconf,2,0.36667,2012
Otmar Hilliges,ETH Zurich,chiconf,1,0.2,2014
Otmar Hilliges,ETH Zurich,chiconf,1,0.33333,2015
Otmar Hilliges,ETH Zurich,chiconf,3,0.67619,2016
Otmar Hilliges,ETH Zurich,chiconf,2,0.42424,2018
Otmar Hilliges,ETH Zurich,chiconf,1,0.5,2021
Otmar Hilliges,ETH Zurich,cvpr,1,0.25,2017
Otmar Hilliges,ETH Zurich,cvpr,1,0.25,2018
Otmar Hilliges,ETH Zurich,eccv,2,0.5,2018
Otmar Hilliges,ETH Zurich,eccv,5,1.15,2020
Otmar Hilliges,ETH Zurich,iccv,5,1.2833,2019
Otmar Hilliges,ETH Zurich,iccv,7,1.3417,2021
Otmar Hilliges,ETH Zurich,icra,2,0.53333,2019
Otmar Hilliges,ETH Zurich,iros,1,0.2,2014
Otmar Hilliges,ETH Zurich,iros,1,0.25,2015
Otmar Hilliges,ETH Zurich,iros,2,0.66667,2016
Otmar Hilliges,ETH Zurich,nips,2,0.45,2020
Otmar Hilliges,ETH Zurich,siggraph,1,0.16667,2014
Otmar Hilliges,ETH Zurich,siggraph,1,0.16667,2016
Otmar Hilliges,ETH Zurich,siggraph,1,0.2,2017
Otmar Hilliges,ETH Zurich,siggraph,1,0.33333,2018
Otmar Hilliges,ETH Zurich,siggraph,1,0.2,2019
Otmar Hilliges,ETH Zurich,siggraph-asia,1,0.16667,2015
Otmar Hilliges,ETH Zurich,siggraph-asia,2,0.36667,2018
Otmar Hilliges,ETH Zurich,ubicomp,1,0.125,2012
Otmar Hilliges,ETH Zurich,uist,1,0.2,2008
Otmar Hilliges,ETH Zurich,uist,1,0.16667,2009
Otmar Hilliges,ETH Zurich,uist,2,0.23377,2011
Otmar Hilliges,ETH Zurich,uist,2,0.39286,2012
Otmar Hilliges,ETH Zurich,uist,1,0.14286,2014
Otmar Hilliges,ETH Zurich,uist,1,0.2,2016
Otmar Hilliges,ETH Zurich,uist,1,0.14286,2017
Otmar Hilliges,ETH Zurich,uist,1,0.25,2018
Otmar Hilliges,ETH Zurich,uist,2,0.47619,2019
Otmar Hilliges,ETH Zurich,uist,2,0.36667,2020
Otmar Hilliges,ETH Zurich,vr,1,0.16667,2019
Peter Müller 0001,ETH Zurich,ase,1,0.25,2018
Peter Müller 0001,ETH Zurich,cav,1,0.33333,2016
Peter Müller 0001,ETH Zurich,cav,3,0.95,2018
Peter Müller 0001,ETH Zurich,cav,3,0.83333,2021
Peter Müller 0001,ETH Zurich,chiconf,1,0.33333,2016
Peter Müller 0001,ETH Zurich,icse,1,0.5,2007
Peter Müller 0001,ETH Zurich,icse,1,0.33333,2016
Peter Müller 0001,ETH Zurich,icse,1,0.25,2017
Peter Müller 0001,ETH Zurich,icse,1,0.5,2020
Peter Müller 0001,ETH Zurich,oopsla,1,0.5,2007
Peter Müller 0001,ETH Zurich,oopsla,1,0.5,2011
Peter Müller 0001,ETH Zurich,oopsla,1,0.33333,2014
Peter Müller 0001,ETH Zurich,oopsla,2,0.58333,2019
Peter Müller 0001,ETH Zurich,oopsla,2,0.34286,2020
Peter Müller 0001,ETH Zurich,oopsla,2,0.4,2021
Peter Müller 0001,ETH Zurich,pldi,1,0.25,2018
Peter Müller 0001,ETH Zurich,popl,1,0.25,2017
Peter Widmayer,ETH Zurich,aaai,1,0.33333,2007
Peter Widmayer,ETH Zurich,icde,2,0.83333,1988
Peter Widmayer,ETH Zurich,icde,1,0.33333,1990
Peter Widmayer,ETH Zurich,icde,1,0.2,1998
Peter Widmayer,ETH Zurich,nips,1,0.125,2004
Peter Widmayer,ETH Zurich,pods,1,0.33333,1984
Peter Widmayer,ETH Zurich,pods,1,0.25,1993
Peter Widmayer,ETH Zurich,pods,1,0.25,2003
Peter Widmayer,ETH Zurich,sigmod,1,0.33333,1988
Peter Widmayer,ETH Zurich,sigmod,1,0.33333,1991
Peter Widmayer,ETH Zurich,sigmod,1,0.5,1994
Peter Widmayer,ETH Zurich,vldb,1,0.33333,1985
Peter Widmayer,ETH Zurich,vldb,1,0.33333,1989
Peter Widmayer,ETH Zurich,vldb,1,0.33333,1997
Peter Widmayer,ETH Zurich,vldb,1,0.25,2002
Peter Widmayer,ETH Zurich,wine,1,0.33333,2006
Peter Widmayer,ETH Zurich,wine,1,0.25,2008
Peter Widmayer,ETH Zurich,wine,1,0.25,2009
Rasmus Kyng,ETH Zurich,focs,1,0.5,2016
Rasmus Kyng,ETH Zurich,focs,1,0.5,2017
Rasmus Kyng,ETH Zurich,focs,2,0.64286,2018
Rasmus Kyng,ETH Zurich,nips,1,0.33333,2015
Rasmus Kyng,ETH Zurich,soda,1,0.25,2017
Rasmus Kyng,ETH Zurich,soda,1,0.25,2019
Rasmus Kyng,ETH Zurich,soda,1,0.33333,2020
Rasmus Kyng,ETH Zurich,stoc,1,0.14286,2014
Rasmus Kyng,ETH Zurich,stoc,1,0.2,2016
Rasmus Kyng,ETH Zurich,stoc,1,0.2,2017
Rasmus Kyng,ETH Zurich,stoc,1,0.25,2018
Rasmus Kyng,ETH Zurich,stoc,1,0.25,2019
Roger Wattenhofer,ETH Zurich,aaai,1,0.25,2018
Roger Wattenhofer,ETH Zurich,aaai,1,0.25,2019
Roger Wattenhofer,ETH Zurich,acl,1,0.16667,2021
Roger Wattenhofer,ETH Zurich,ec,1,0.25,2008
Roger Wattenhofer,ETH Zurich,ec,1,0.5,2021
Roger Wattenhofer,ETH Zurich,focs,1,0.33333,2008
Roger Wattenhofer,ETH Zurich,kdd,1,0.33333,2021
Roger Wattenhofer,ETH Zurich,mobicom,1,0.33333,2004
Roger Wattenhofer,ETH Zurich,osdi,1,0.1,2002
Roger Wattenhofer,ETH Zurich,sensys,1,0.33333,2009
Roger Wattenhofer,ETH Zurich,sensys,1,0.5,2016
Roger Wattenhofer,ETH Zurich,sensys,1,0.25,2017
Roger Wattenhofer,ETH Zurich,sigcomm,2,0.30952,2013
Roger Wattenhofer,ETH Zurich,sigcomm,1,0.125,2014
Roger Wattenhofer,ETH Zurich,soda,1,0.33333,2000
Roger Wattenhofer,ETH Zurich,soda,1,0.33333,2006
Roger Wattenhofer,ETH Zurich,soda,1,0.33333,2012
Roger Wattenhofer,ETH Zurich,soda,1,0.25,2013
Roger Wattenhofer,ETH Zurich,stoc,1,0.33333,2000
Roger Wattenhofer,ETH Zurich,stoc,2,0.625,2011
Roger Wattenhofer,ETH Zurich,stoc,1,0.33333,2016
Roger Wattenhofer,ETH Zurich,ubicomp,1,0.2,2011
Roger Wattenhofer,ETH Zurich,ubicomp,1,0.25,2019
Roger Wattenhofer,ETH Zurich,wine,1,0.33333,2018
Roger Wattenhofer,ETH Zurich,wine,1,0.5,2021
Ryan Cotterell,ETH Zurich,acl,1,0.33333,2014
Ryan Cotterell,ETH Zurich,acl,1,0.33333,2016
Ryan Cotterell,ETH Zurich,acl,2,0.83333,2017
Ryan Cotterell,ETH Zurich,acl,1,0.25,2018
Ryan Cotterell,ETH Zurich,acl,8,2.1,2019
Ryan Cotterell,ETH Zurich,acl,7,1.4095,2020
Ryan Cotterell,ETH Zurich,acl,7,2.5833,2021
Ryan Cotterell,ETH Zurich,emnlp,2,0.58333,2015
Ryan Cotterell,ETH Zurich,emnlp,3,1,2016
Ryan Cotterell,ETH Zurich,emnlp,2,0.7,2017
Ryan Cotterell,ETH Zurich,emnlp,2,0.58333,2018
Ryan Cotterell,ETH Zurich,emnlp,5,0.99286,2019
Ryan Cotterell,ETH Zurich,emnlp,8,2.5333,2020
Ryan Cotterell,ETH Zurich,emnlp,7,1.8667,2021
Ryan Cotterell,ETH Zurich,naacl,2,1,2015
Ryan Cotterell,ETH Zurich,naacl,2,0.66667,2016
Ryan Cotterell,ETH Zurich,naacl,1,0.5,2018
Ryan Cotterell,ETH Zurich,naacl,6,1.4,2019
Ryan Cotterell,ETH Zurich,naacl,5,1.35,2021
Shweta Shinde,ETH Zurich,ccs,1,0.25,2013
Shweta Shinde,ETH Zurich,ccs,1,0.2,2019
Shweta Shinde,ETH Zurich,ccs,1,0.2,2021
Shweta Shinde,ETH Zurich,eurosys,1,0.2,2020
Shweta Shinde,ETH Zurich,fse,1,0.16667,2015
Shweta Shinde,ETH Zurich,ndss,1,0.25,2017
Shweta Shinde,ETH Zurich,ndss,1,0.2,2019
Shweta Shinde,ETH Zurich,oakland,1,0.16667,2016
Shweta Shinde,ETH Zurich,pldi,1,0.25,2014
Shweta Shinde,ETH Zurich,usenixsec,1,0.16667,2020
Siyu Tang 0001,ETH Zurich,cvpr,1,0.25,2015
Siyu Tang 0001,ETH Zurich,cvpr,1,0.14286,2016
Siyu Tang 0001,ETH Zurich,cvpr,4,0.69286,2017
Siyu Tang 0001,ETH Zurich,cvpr,1,0.2,2019
Siyu Tang 0001,ETH Zurich,cvpr,2,0.34286,2020
Siyu Tang 0001,ETH Zurich,cvpr,5,1.3167,2021
Siyu Tang 0001,ETH Zurich,eccv,1,0.2,2018
Siyu Tang 0001,ETH Zurich,eccv,2,0.41667,2020
Siyu Tang 0001,ETH Zurich,iccv,1,0.16667,2013
Siyu Tang 0001,ETH Zurich,iccv,1,0.2,2019
Siyu Tang 0001,ETH Zurich,iccv,2,0.45,2021
Srdjan Capkun,ETH Zurich,ccs,1,0.5,2008
Srdjan Capkun,ETH Zurich,ccs,1,0.25,2009
Srdjan Capkun,ETH Zurich,ccs,1,0.25,2011
Srdjan Capkun,ETH Zurich,ccs,1,0.33333,2012
Srdjan Capkun,ETH Zurich,ccs,1,0.25,2013
Srdjan Capkun,ETH Zurich,ccs,1,0.2,2014
Srdjan Capkun,ETH Zurich,ccs,1,0.25,2015
Srdjan Capkun,ETH Zurich,ccs,1,0.16667,2016
Srdjan Capkun,ETH Zurich,ccs,1,0.2,2020
Srdjan Capkun,ETH Zurich,chiconf,1,0.2,2016
Srdjan Capkun,ETH Zurich,mobicom,1,0.33333,2010
Srdjan Capkun,ETH Zurich,mobicom,3,0.7,2016
Srdjan Capkun,ETH Zurich,mobisys,1,0.25,2009
Srdjan Capkun,ETH Zurich,ndss,1,0.33333,2011
Srdjan Capkun,ETH Zurich,ndss,1,0.33333,2012
Srdjan Capkun,ETH Zurich,ndss,1,0.33333,2013
Srdjan Capkun,ETH Zurich,ndss,1,0.2,2014
Srdjan Capkun,ETH Zurich,ndss,1,0.2,2018
Srdjan Capkun,ETH Zurich,ndss,1,0.33333,2019
Srdjan Capkun,ETH Zurich,ndss,2,0.45,2020
Srdjan Capkun,ETH Zurich,ndss,1,0.16667,2021
Srdjan Capkun,ETH Zurich,nsdi,1,0.16667,2019
Srdjan Capkun,ETH Zurich,oakland,1,0.16667,2006
Srdjan Capkun,ETH Zurich,oakland,1,0.25,2008
Srdjan Capkun,ETH Zurich,oakland,1,0.25,2012
Srdjan Capkun,ETH Zurich,oakland,2,0.58333,2013
Srdjan Capkun,ETH Zurich,oakland,1,0.25,2016
Srdjan Capkun,ETH Zurich,oakland,1,0.2,2020
Srdjan Capkun,ETH Zurich,usenixsec,2,0.66667,2009
Srdjan Capkun,ETH Zurich,usenixsec,1,0.5,2010
Srdjan Capkun,ETH Zurich,usenixsec,1,0.33333,2012
Srdjan Capkun,ETH Zurich,usenixsec,1,0.5,2014
Srdjan Capkun,ETH Zurich,usenixsec,2,0.41667,2015
Srdjan Capkun,ETH Zurich,usenixsec,1,0.125,2017
Srdjan Capkun,ETH Zurich,usenixsec,1,0.2,2018
Srdjan Capkun,ETH Zurich,usenixsec,2,0.41667,2019
Srdjan Capkun,ETH Zurich,usenixsec,1,1,2020
Srdjan Capkun,ETH Zurich,usenixsec,2,0.45,2021
Srdjan Capkun,ETH Zurich,www,1,0.33333,2011
Stelian Coros,ETH Zurich,chiconf,2,0.47619,2018
Stelian Coros,ETH Zurich,chiconf,1,0.14286,2019
Stelian Coros,ETH Zurich,icml,1,0.2,2021
Stelian Coros,ETH Zurich,icra,1,0.16667,2013
Stelian Coros,ETH Zurich,icra,1,0.14286,2014
Stelian Coros,ETH Zurich,icra,2,0.53333,2017
Stelian Coros,ETH Zurich,icra,1,0.5,2020
Stelian Coros,ETH Zurich,icra,3,0.91667,2021
Stelian Coros,ETH Zurich,iros,1,0.14286,2015
Stelian Coros,ETH Zurich,iros,1,0.2,2016
Stelian Coros,ETH Zurich,iros,2,0.53333,2017
Stelian Coros,ETH Zurich,iros,1,0.25,2018
Stelian Coros,ETH Zurich,iros,1,0.5,2019
Stelian Coros,ETH Zurich,iros,1,0.2,2020
Stelian Coros,ETH Zurich,iros,2,0.66667,2021
Stelian Coros,ETH Zurich,rss,1,0.2,2017
Stelian Coros,ETH Zurich,rss,1,0.25,2019
Stelian Coros,ETH Zurich,siggraph,1,0.25,2008
Stelian Coros,ETH Zurich,siggraph,1,0.33333,2010
Stelian Coros,ETH Zurich,siggraph,1,0.2,2011
Stelian Coros,ETH Zurich,siggraph,2,0.33333,2012
Stelian Coros,ETH Zurich,siggraph,2,0.325,2013
Stelian Coros,ETH Zurich,siggraph,2,0.29167,2014
Stelian Coros,ETH Zurich,siggraph,2,0.47619,2015
Stelian Coros,ETH Zurich,siggraph,1,0.33333,2016
Stelian Coros,ETH Zurich,siggraph,3,0.83333,2017
Stelian Coros,ETH Zurich,siggraph,1,0.2,2018
Stelian Coros,ETH Zurich,siggraph,2,0.45,2019
Stelian Coros,ETH Zurich,siggraph,1,0.25,2020
Stelian Coros,ETH Zurich,siggraph,1,0.33333,2021
Stelian Coros,ETH Zurich,siggraph-asia,1,0.25,2008
Stelian Coros,ETH Zurich,siggraph-asia,1,0.33333,2009
Stelian Coros,ETH Zurich,siggraph-asia,2,0.41667,2015
Stelian Coros,ETH Zurich,siggraph-asia,1,0.25,2018
Stelian Coros,ETH Zurich,siggraph-asia,1,0.25,2019
Stelian Coros,ETH Zurich,siggraph-asia,2,0.41667,2020
Stelian Coros,ETH Zurich,uist,1,0.25,2015
Stelian Coros,ETH Zurich,uist,1,0.16667,2016
Stelian Coros,ETH Zurich,uist,1,0.33333,2018
Thomas Hofmann,ETH Zurich,aaai,1,0.5,2020
Thomas Hofmann,ETH Zurich,cvpr,1,0.33333,1997
Thomas Hofmann,ETH Zurich,cvpr,1,0.33333,1999
Thomas Hofmann,ETH Zurich,cvpr,1,0.33333,2008
Thomas Hofmann,ETH Zurich,eccv,1,0.33333,2020
Thomas Hofmann,ETH Zurich,emnlp,1,0.33333,2003
Thomas Hofmann,ETH Zurich,emnlp,1,0.5,2017
Thomas Hofmann,ETH Zurich,emnlp,1,0.33333,2019
Thomas Hofmann,ETH Zurich,iccv,1,0.25,2021
Thomas Hofmann,ETH Zurich,icml,1,0.5,2000
Thomas Hofmann,ETH Zurich,icml,1,0.33333,2003
Thomas Hofmann,ETH Zurich,icml,3,1.0833,2004
Thomas Hofmann,ETH Zurich,icml,1,0.090909,2005
Thomas Hofmann,ETH Zurich,icml,1,0.33333,2016
Thomas Hofmann,ETH Zurich,icml,3,0.75,2018
Thomas Hofmann,ETH Zurich,icml,1,0.33333,2019
Thomas Hofmann,ETH Zurich,icml,1,0.33333,2021
Thomas Hofmann,ETH Zurich,ijcai,2,1.5,1999
Thomas Hofmann,ETH Zurich,ijcai,1,0.33333,2003
Thomas Hofmann,ETH Zurich,ijcai,1,0.5,2007
Thomas Hofmann,ETH Zurich,kdd,1,0.5,2005
Thomas Hofmann,ETH Zurich,nips,1,0.5,1993
Thomas Hofmann,ETH Zurich,nips,1,0.5,1994
Thomas Hofmann,ETH Zurich,nips,1,0.5,1997
Thomas Hofmann,ETH Zurich,nips,1,0.33333,1998
Thomas Hofmann,ETH Zurich,nips,1,1,1999
Thomas Hofmann,ETH Zurich,nips,1,0.5,2000
Thomas Hofmann,ETH Zurich,nips,2,0.66667,2002
Thomas Hofmann,ETH Zurich,nips,1,0.5,2003
Thomas Hofmann,ETH Zurich,nips,1,0.33333,2004
Thomas Hofmann,ETH Zurich,nips,1,0.14286,2014
Thomas Hofmann,ETH Zurich,nips,1,0.25,2015
Thomas Hofmann,ETH Zurich,nips,1,0.2,2016
Thomas Hofmann,ETH Zurich,nips,1,0.25,2017
Thomas Hofmann,ETH Zurich,nips,2,0.83333,2018
Thomas Hofmann,ETH Zurich,nips,1,0.14286,2019
Thomas Hofmann,ETH Zurich,nips,3,0.73333,2020
Thomas Hofmann,ETH Zurich,sigir,1,1,1999
Thomas Hofmann,ETH Zurich,sigir,2,1.5,2003
Thomas Hofmann,ETH Zurich,www,1,0.2,2016
Thomas Hofmann,ETH Zurich,www,1,0.125,2017
Thomas R. Gross,ETH Zurich,ase,1,0.5,2009
Thomas R. Gross,ETH Zurich,asplos,1,0.2,1982
Thomas R. Gross,ETH Zurich,asplos,1,0.25,1989
Thomas R. Gross,ETH Zurich,asplos,1,0.5,1991
Thomas R. Gross,ETH Zurich,emsoft,1,0.5,2004
Thomas R. Gross,ETH Zurich,hpca,1,0.5,1997
Thomas R. Gross,ETH Zurich,hpca,1,0.33333,1998
Thomas R. Gross,ETH Zurich,hpdc,1,0.16667,1998
Thomas R. Gross,ETH Zurich,hpdc,1,0.33333,1999
Thomas R. Gross,ETH Zurich,hpdc,2,0.64286,2001
Thomas R. Gross,ETH Zurich,icra,1,0.25,1985
Thomas R. Gross,ETH Zurich,ics,1,0.5,1988
Thomas R. Gross,ETH Zurich,icse,3,0.95,2012
Thomas R. Gross,ETH Zurich,icse,1,0.5,2013
Thomas R. Gross,ETH Zurich,isca,1,0.125,1986
Thomas R. Gross,ETH Zurich,isca,1,0.071429,1990
Thomas R. Gross,ETH Zurich,isca,1,0.5,1995
Thomas R. Gross,ETH Zurich,issta,1,0.5,2011
Thomas R. Gross,ETH Zurich,issta,1,0.33333,2012
Thomas R. Gross,ETH Zurich,issta,1,0.33333,2014
Thomas R. Gross,ETH Zurich,micro,2,0.64286,1982
Thomas R. Gross,ETH Zurich,oakland,1,0.33333,2012
Thomas R. Gross,ETH Zurich,oopsla,1,0.33333,1996
Thomas R. Gross,ETH Zurich,oopsla,1,0.5,1998
Thomas R. Gross,ETH Zurich,oopsla,1,0.5,2001
Thomas R. Gross,ETH Zurich,oopsla,1,0.5,2010
Thomas R. Gross,ETH Zurich,oopsla,1,0.5,2013
Thomas R. Gross,ETH Zurich,oopsla,1,0.33333,2015
Thomas R. Gross,ETH Zurich,oopsla,2,0.83333,2018
Thomas R. Gross,ETH Zurich,pldi,1,0.33333,1989
Thomas R. Gross,ETH Zurich,pldi,1,0.5,1993
Thomas R. Gross,ETH Zurich,pldi,1,0.5,1996
Thomas R. Gross,ETH Zurich,pldi,1,0.5,1997
Thomas R. Gross,ETH Zurich,pldi,1,0.5,2003
Thomas R. Gross,ETH Zurich,pldi,1,0.33333,2007
Thomas R. Gross,ETH Zurich,pldi,1,0.5,2012
Thomas R. Gross,ETH Zurich,popl,1,0.5,1982
Thomas R. Gross,ETH Zurich,popl,1,0.5,1993
Thomas R. Gross,ETH Zurich,sc,1,0.2,1988
Thomas R. Gross,ETH Zurich,sc,1,1,1989
Thomas R. Gross,ETH Zurich,sc,1,0.2,1994
Thomas R. Gross,ETH Zurich,sc,1,0.33333,1996
Thomas R. Gross,ETH Zurich,sigcomm,1,0.33333,2001
Thomas R. Gross,ETH Zurich,sigmod,1,0.25,2003
Thomas R. Gross,ETH Zurich,ubicomp,1,0.25,2017
Thomas R. Gross,ETH Zurich,uist,1,0.2,2018
Thomas R. Gross,ETH Zurich,usenixatc,1,0.5,2005
Thomas R. Gross,ETH Zurich,usenixatc,1,0.33333,2013
Thomas R. Gross,ETH Zurich,usenixsec,1,0.2,2015
Timothy Roscoe,ETH Zurich,asplos,1,0.25,2011
Timothy Roscoe,ETH Zurich,asplos,1,0.11111,2016
Timothy Roscoe,ETH Zurich,asplos,1,0.2,2020
Timothy Roscoe,ETH Zurich,asplos,1,0.076923,2022
Timothy Roscoe,ETH Zurich,emsoft,1,0.16667,2021
Timothy Roscoe,ETH Zurich,eurosys,1,0.25,2006
Timothy Roscoe,ETH Zurich,eurosys,2,0.53333,2008
Timothy Roscoe,ETH Zurich,eurosys,1,0.25,2013
Timothy Roscoe,ETH Zurich,eurosys,1,0.25,2017
Timothy Roscoe,ETH Zurich,nsdi,1,0.1,2004
Timothy Roscoe,ETH Zurich,nsdi,1,0.2,2007
Timothy Roscoe,ETH Zurich,nsdi,1,0.2,2008
Timothy Roscoe,ETH Zurich,nsdi,1,0.125,2018
Timothy Roscoe,ETH Zurich,osdi,1,0.33333,2002
Timothy Roscoe,ETH Zurich,osdi,2,0.375,2014
Timothy Roscoe,ETH Zurich,osdi,1,0.16667,2016
Timothy Roscoe,ETH Zurich,osdi,1,0.16667,2018
Timothy Roscoe,ETH Zurich,osdi,1,0.33333,2020
Timothy Roscoe,ETH Zurich,sigmod,1,0.11111,2006
Timothy Roscoe,ETH Zurich,sosp,1,0.16667,2005
Timothy Roscoe,ETH Zurich,sosp,1,0.11111,2009
Timothy Roscoe,ETH Zurich,ubicomp,1,0.047619,2002
Timothy Roscoe,ETH Zurich,usenixatc,1,0.25,2004
Timothy Roscoe,ETH Zurich,usenixatc,1,0.25,2015
Timothy Roscoe,ETH Zurich,vldb,1,0.25,2014
Timothy Roscoe,ETH Zurich,vldb,1,0.25,2016
Timothy Roscoe,ETH Zurich,vldb,1,0.16667,2019
Timothy Roscoe,ETH Zurich,vldb,1,0.25,2020
Torsten Hoefler,ETH Zurich,asplos,1,0.16667,2018
Torsten Hoefler,ETH Zurich,cvpr,1,0.16667,2020
Torsten Hoefler,ETH Zurich,dac,1,0.33333,2019
Torsten Hoefler,ETH Zurich,dac,1,0.2,2020
Torsten Hoefler,ETH Zurich,dac,1,0.5,2021
Torsten Hoefler,ETH Zurich,eurosys,1,0.33333,2018
Torsten Hoefler,ETH Zurich,hpdc,1,0.33333,2010
Torsten Hoefler,ETH Zurich,hpdc,2,0.83333,2013
Torsten Hoefler,ETH Zurich,hpdc,2,0.66667,2014
Torsten Hoefler,ETH Zurich,hpdc,2,1,2015
Torsten Hoefler,ETH Zurich,hpdc,2,0.66667,2016
Torsten Hoefler,ETH Zurich,hpdc,2,0.53333,2017
Torsten Hoefler,ETH Zurich,icde,1,0.25,2018
Torsten Hoefler,ETH Zurich,icml,1,0.16667,2021
Torsten Hoefler,ETH Zurich,ics,2,0.75,2011
Torsten Hoefler,ETH Zurich,ics,1,0.25,2013
Torsten Hoefler,ETH Zurich,ics,3,1.0333,2015
Torsten Hoefler,ETH Zurich,ics,1,0.5,2016
Torsten Hoefler,ETH Zurich,ics,1,0.33333,2019
Torsten Hoefler,ETH Zurich,ics,1,0.25,2021
Torsten Hoefler,ETH Zurich,isca,1,0.125,2021
Torsten Hoefler,ETH Zurich,micro,1,0.052632,2021
Torsten Hoefler,ETH Zurich,nips,2,0.5,2018
Torsten Hoefler,ETH Zurich,oopsla,1,0.25,2016
Torsten Hoefler,ETH Zurich,oopsla,2,0.45833,2020
Torsten Hoefler,ETH Zurich,oopsla,1,0.2,2021
Torsten Hoefler,ETH Zurich,pldi,1,0.25,2019
Torsten Hoefler,ETH Zurich,sc,1,0.33333,2007
Torsten Hoefler,ETH Zurich,sc,1,0.33333,2010
Torsten Hoefler,ETH Zurich,sc,1,0.5,2012
Torsten Hoefler,ETH Zurich,sc,3,0.83333,2013
Torsten Hoefler,ETH Zurich,sc,3,1.0333,2014
Torsten Hoefler,ETH Zurich,sc,2,0.7,2015
Torsten Hoefler,ETH Zurich,sc,4,1.1242,2016
Torsten Hoefler,ETH Zurich,sc,2,0.45,2017
Torsten Hoefler,ETH Zurich,sc,1,0.083333,2018
Torsten Hoefler,ETH Zurich,sc,9,1.7262,2019
Torsten Hoefler,ETH Zurich,sc,5,0.96786,2020
Torsten Hoefler,ETH Zurich,sc,6,1.4159,2021
Torsten Hoefler,ETH Zurich,sigmod,1,0.33333,2021
Torsten Hoefler,ETH Zurich,usenixatc,1,0.25,2020
Torsten Hoefler,ETH Zurich,usenixatc,2,0.45,2021
Torsten Hoefler,ETH Zurich,usenixsec,1,0.25,2021
Torsten Hoefler,ETH Zurich,vldb,1,0.2,2017
Torsten Hoefler,ETH Zurich,vldb,1,0.2,2019
Torsten Hoefler,ETH Zurich,vldb,1,0.055556,2021
Ueli Maurer,ETH Zurich,ccs,1,0.5,2010
Ueli Maurer,ETH Zurich,crypto,1,0.5,1989
Ueli Maurer,ETH Zurich,crypto,1,1,1990
Ueli Maurer,ETH Zurich,crypto,1,0.25,1991
Ueli Maurer,ETH Zurich,crypto,1,1,1992
Ueli Maurer,ETH Zurich,crypto,2,1.5,1994
Ueli Maurer,ETH Zurich,crypto,1,0.5,1996
Ueli Maurer,ETH Zurich,crypto,2,1,1997
Ueli Maurer,ETH Zurich,crypto,1,0.33333,1998
Ueli Maurer,ETH Zurich,crypto,1,1,1999
Ueli Maurer,ETH Zurich,crypto,2,0.75,2001
Ueli Maurer,ETH Zurich,crypto,1,0.5,2002
Ueli Maurer,ETH Zurich,crypto,1,0.33333,2004
Ueli Maurer,ETH Zurich,crypto,2,0.83333,2007
Ueli Maurer,ETH Zurich,crypto,1,0.5,2009
Ueli Maurer,ETH Zurich,crypto,1,0.25,2012
Ueli Maurer,ETH Zurich,crypto,2,0.66667,2013
Ueli Maurer,ETH Zurich,crypto,1,0.25,2016
Ueli Maurer,ETH Zurich,crypto,1,0.25,2017
Ueli Maurer,ETH Zurich,crypto,1,0.5,2020
Ueli Maurer,ETH Zurich,eurocrypt,1,0.33333,1987
Ueli Maurer,ETH Zurich,eurocrypt,1,1,1989
Ueli Maurer,ETH Zurich,eurocrypt,1,1,1990
Ueli Maurer,ETH Zurich,eurocrypt,2,1.5,1991
Ueli Maurer,ETH Zurich,eurocrypt,2,2,1992
Ueli Maurer,ETH Zurich,eurocrypt,1,0.5,1994
Ueli Maurer,ETH Zurich,eurocrypt,1,1,1997
Ueli Maurer,ETH Zurich,eurocrypt,1,0.5,1998
Ueli Maurer,ETH Zurich,eurocrypt,2,0.83333,2000
Ueli Maurer,ETH Zurich,eurocrypt,2,1.25,2002
Ueli Maurer,ETH Zurich,eurocrypt,1,0.5,2003
Ueli Maurer,ETH Zurich,eurocrypt,1,0.5,2004
Ueli Maurer,ETH Zurich,eurocrypt,1,0.25,2006
Ueli Maurer,ETH Zurich,eurocrypt,1,0.5,2007
Ueli Maurer,ETH Zurich,eurocrypt,1,0.5,2009
Ueli Maurer,ETH Zurich,eurocrypt,1,0.25,2013
Ueli Maurer,ETH Zurich,eurocrypt,1,0.2,2018
Ueli Maurer,ETH Zurich,eurocrypt,1,0.33333,2019
Ueli Maurer,ETH Zurich,focs,1,0.2,2013
Ueli Maurer,ETH Zurich,pets,1,0.2,2013
Ueli Maurer,ETH Zurich,sigmod,1,1,2004
Ueli Maurer,ETH Zurich,stoc,1,1,1991
Ueli Maurer,ETH Zurich,stoc,1,0.5,2000
Ueli Maurer,ETH Zurich,stoc,1,0.5,2002
Zhendong Su 0001,ETH Zurich,ase,1,0.5,2007
Zhendong Su 0001,ETH Zurich,ase,1,0.25,2009
Zhendong Su 0001,ETH Zurich,ase,1,0.2,2016
Zhendong Su 0001,ETH Zurich,ase,1,0.5,2020
Zhendong Su 0001,ETH Zurich,asplos,1,0.16667,2006
Zhendong Su 0001,ETH Zurich,asplos,1,0.33333,2022
Zhendong Su 0001,ETH Zurich,cav,1,0.5,2016
Zhendong Su 0001,ETH Zurich,ccs,1,0.25,2005
Zhendong Su 0001,ETH Zurich,fse,1,0.33333,2007
Zhendong Su 0001,ETH Zurich,fse,2,1,2008
Zhendong Su 0001,ETH Zurich,fse,1,0.5,2010
Zhendong Su 0001,ETH Zurich,fse,2,1,2012
Zhendong Su 0001,ETH Zurich,fse,2,0.66667,2013
Zhendong Su 0001,ETH Zurich,fse,1,0.33333,2014
Zhendong Su 0001,ETH Zurich,fse,1,0.5,2015
Zhendong Su 0001,ETH Zurich,fse,1,0.11111,2017
Zhendong Su 0001,ETH Zurich,fse,2,0.30952,2019
Zhendong Su 0001,ETH Zurich,fse,2,0.75,2020
Zhendong Su 0001,ETH Zurich,fse,1,0.33333,2021
Zhendong Su 0001,ETH Zurich,icse,1,0.33333,2004
Zhendong Su 0001,ETH Zurich,icse,2,1,2006
Zhendong Su 0001,ETH Zurich,icse,1,0.25,2007
Zhendong Su 0001,ETH Zurich,icse,3,1.3333,2008
Zhendong Su 0001,ETH Zurich,icse,2,0.75,2010
Zhendong Su 0001,ETH Zurich,icse,1,0.2,2012
Zhendong Su 0001,ETH Zurich,icse,3,0.86667,2015
Zhendong Su 0001,ETH Zurich,icse,1,0.33333,2016
Zhendong Su 0001,ETH Zurich,icse,1,0.16667,2017
Zhendong Su 0001,ETH Zurich,icse,3,0.525,2018
Zhendong Su 0001,ETH Zurich,icse,5,0.85397,2019
Zhendong Su 0001,ETH Zurich,icse,2,0.45833,2020
Zhendong Su 0001,ETH Zurich,icse,1,0.33333,2021
Zhendong Su 0001,ETH Zurich,ijcai,2,1,2015
Zhendong Su 0001,ETH Zurich,ijcai,1,0.5,2016
Zhendong Su 0001,ETH Zurich,issta,1,0.16667,2008
Zhendong Su 0001,ETH Zurich,issta,2,0.7,2009
Zhendong Su 0001,ETH Zurich,issta,2,0.75,2010
Zhendong Su 0001,ETH Zurich,issta,1,0.33333,2015
Zhendong Su 0001,ETH Zurich,issta,1,0.25,2016
Zhendong Su 0001,ETH Zurich,issta,1,0.14286,2021
Zhendong Su 0001,ETH Zurich,mobisys,1,0.33333,2013
Zhendong Su 0001,ETH Zurich,ndss,1,0.33333,2014
Zhendong Su 0001,ETH Zurich,oakland,1,0.16667,2006
Zhendong Su 0001,ETH Zurich,oopsla,1,0.2,2010
Zhendong Su 0001,ETH Zurich,oopsla,1,0.2,2011
Zhendong Su 0001,ETH Zurich,oopsla,1,0.25,2012
Zhendong Su 0001,ETH Zurich,oopsla,2,0.75,2013
Zhendong Su 0001,ETH Zurich,oopsla,1,0.2,2014
Zhendong Su 0001,ETH Zurich,oopsla,2,0.66667,2015
Zhendong Su 0001,ETH Zurich,oopsla,1,0.33333,2016
Zhendong Su 0001,ETH Zurich,oopsla,1,0.33333,2019
Zhendong Su 0001,ETH Zurich,oopsla,3,0.95833,2020
Zhendong Su 0001,ETH Zurich,oopsla,2,0.375,2021
Zhendong Su 0001,ETH Zurich,osdi,1,0.5,2020
Zhendong Su 0001,ETH Zurich,osdi,1,0.2,2021
Zhendong Su 0001,ETH Zurich,pldi,1,0.25,1998
Zhendong Su 0001,ETH Zurich,pldi,1,0.5,2007
Zhendong Su 0001,ETH Zurich,pldi,1,0.25,2013
Zhendong Su 0001,ETH Zurich,pldi,1,0.33333,2014
Zhendong Su 0001,ETH Zurich,pldi,1,0.2,2016
Zhendong Su 0001,ETH Zurich,pldi,2,0.83333,2017
Zhendong Su 0001,ETH Zurich,pldi,2,0.5,2018
Zhendong Su 0001,ETH Zurich,pldi,1,0.5,2019
Zhendong Su 0001,ETH Zurich,pldi,2,0.83333,2020
Zhendong Su 0001,ETH Zurich,popl,1,0.33333,2000
Zhendong Su 0001,ETH Zurich,popl,1,0.2,2002
Zhendong Su 0001,ETH Zurich,popl,1,0.5,2006
Zhendong Su 0001,ETH Zurich,popl,1,0.25,2013
Zhendong Su 0001,ETH Zurich,popl,1,0.5,2017
Zhendong Su 0001,ETH Zurich,popl,1,0.16667,2020
Zhendong Su 0001,ETH Zurich,usenixatc,1,0.25,2015
Zhendong Su 0001,ETH Zurich,usenixsec,1,0.33333,2011
Zhendong Su 0001,ETH Zurich,usenixsec,1,0.16667,2014
